County,Population,Poverty Count,No Degree,Degree,Lat,Lng
Abbeville County,20747.0,4669.0,5102.0,3220.0,34.23,-82.47
Ada County,429367.0,51360.0,64301.0,131300.0,43.42,-116.13
Adair County,72700.0,17031.0,17784.0,11932.0,40.2,-92.6
Adams County,768317.0,100228.0,172132.0,149855.0,39.87,-104.38
Addison County,35684.0,2861.0,7780.0,10793.0,44.05,-73.12
Aiken County,154849.0,27174.0,35016.0,35160.0,33.58,-81.6
Aitkin County,15914.0,1972.0,4775.0,3456.0,46.6,-93.42
Alachua County,257641.0,58172.0,35538.0,80112.0,29.71,-82.33
Alamance County,163481.0,28312.0,32950.0,35744.0,36.03,-79.4
Alameda County,1611207.0,189954.0,227485.0,566876.0,37.6,-121.88
Alamosa County,16398.0,4802.0,2519.0,2875.0,37.6,-105.8
Albany County,326664.0,46321.0,54412.0,107662.0,42.6,-73.97
Albemarle County,87024.0,7124.0,12534.0,31613.0,38.03,-78.55
Aleutians East Borough,3299.0,510.0,1074.0,483.0,54.85,-163.42
Aleutians West Census Area,5512.0,426.0,1631.0,860.0,52.24,-175.13
Alexander County,44113.0,8127.0,12628.0,6333.0,37.18,-89.18
Alger County,9149.0,1107.0,3256.0,1861.0,46.33,-86.7
Allegan County,100018.0,10682.0,26579.0,19668.0,42.6,-85.87
Allegany County,121890.0,18795.0,33920.0,24397.0,39.67,-78.67
Allegheny County,1214829.0,151768.0,258363.0,421273.0,40.63,-80.13
Allen County,508511.0,76806.0,108128.0,113324.0,41.07,-85.01
Allen Parish,25174.0,3229.0,8033.0,2985.0,30.65,-92.8
Alpine County,1143.0,216.0,251.0,271.0,38.6,-119.8
Amador County,37043.0,3723.0,7986.0,8736.0,38.45,-120.65
Anchorage Municipality,299027.0,23652.0,47628.0,81884.0,61.17,-149.25
Anderson County,336568.0,52768.0,82686.0,64365.0,34.53,-82.65
Androscoggin County,107376.0,15370.0,28260.0,23212.0,44.17,-70.17
Angelina County,88059.0,16791.0,19245.0,13108.0,31.25,-94.57
Anne Arundel County,540656.0,31471.0,89665.0,176531.0,39,-76.62
Anoka County,322828.0,24337.0,63222.0,89403.0,45.25,-93.25
Anson County,25970.0,5470.0,7656.0,3090.0,34.98,-80.1
Antrim County,22685.0,3081.0,6199.0,5571.0,45.05,-85.13
Aransas County,21870.0,3315.0,4956.0,4546.0,28.1,-96.98
Arapahoe County,639734.0,73930.0,95789.0,200561.0,39.65,-104.38
Arkansas County,19151.0,3633.0,5545.0,2635.0,34.32,-91.4
Arlington County,226574.0,19528.0,16720.0,131288.0,38.87,-77.1
Aroostook County,69112.0,11912.0,19766.0,14237.0,46.67,-68.5
Ascension Parish,117156.0,13320.0,26778.0,25455.0,30.22,-90.9
Ashland County,69810.0,9535.0,19606.0,13837.0,40.82,-82.27
Ashtabula County,99643.0,18794.0,31345.0,14252.0,41.7,-80.77
Atchison County,24024.0,3894.0,6511.0,4327.0,40.43,-95.4
Athens County,70033.0,17588.0,13499.0,14899.0,39.35,-82.05
Atlantic County,273588.0,40906.0,64838.0,60992.0,39.47,-74.67
Atoka County,12663.0,2448.0,3591.0,1651.0,34.4,-96.02
Autauga County,53708.0,7256.0,12409.0,11682.0,32.53,-86.65
Baca County,3713.0,634.0,803.0,808.0,37.33,-102.55
Baker County,45418.0,7254.0,11929.0,7543.0,44.75,-117.67
Baldwin County,243846.0,37750.0,51245.0,61743.0,30.75,-87.77
Ballard County,6210.0,988.0,1620.0,1048.0,37.05,-89
Baltimore County,817931.0,75942.0,158673.0,248833.0,39.47,-76.65
Bannock County,86476.0,15606.0,14796.0,19410.0,42.65,-112.21
Barber County,4902.0,656.0,1243.0,974.0,37.23,-98.68
Barnstable County,217084.0,17483.0,42954.0,83700.0,41.67,-70.25
Barren County,40545.0,8126.0,11714.0,6196.0,36.95,-85.95
Barrow County,78982.0,10621.0,17888.0,13531.0,33.98,-83.72
Barry County,87138.0,13350.0,23836.0,15446.0,42.6,-85.32
Bartholomew County,80414.0,9792.0,19629.0,20619.0,39.2,-85.92
Barton County,39184.0,6939.0,9461.0,7061.0,38.47,-98.77
Bartow County,101996.0,13863.0,23862.0,17560.0,34.25,-84.85
Baxter County,40266.0,5544.0,10677.0,8084.0,36.33,-92.37
Bay County,282751.0,43682.0,66027.0,62974.0,30.21,-85.62
Bayfield County,12533.0,1583.0,2838.0,3927.0,46.55,-91.15
Beadle County,18393.0,3787.0,4333.0,3878.0,44.39,-98.28
Bear Lake County,5738.0,811.0,1550.0,1062.0,42.31,-111.31
Beaufort County,224322.0,29639.0,41113.0,69933.0,32.37,-80.7
Beauregard Parish,38539.0,7163.0,10852.0,5917.0,30.65,-93.33
Beaver County,174749.0,18727.0,49353.0,43408.0,40.75,-80.5
Becker County,31968.0,3944.0,7196.0,8160.0,46.95,-95.68
Beckham County,23619.0,3115.0,6301.0,4024.0,35.27,-99.67
Bedford County,164960.0,20604.0,47073.0,32455.0,35.52,-86.45
Belknap County,56891.0,5733.0,12428.0,17133.0,43.52,-71.43
Bell County,369004.0,58147.0,64086.0,70560.0,31.05,-97.47
Beltrami County,45948.0,8009.0,7783.0,11117.0,47.92,-94.9
Benewah County,9591.0,1569.0,2644.0,1486.0,47.21,-116.63
Bennington County,36332.0,4658.0,8008.0,10819.0,43.03,-73.1
Bent County,5652.0,931.0,2147.0,892.0,37.97,-103.07
Benton County,612350.0,85189.0,117616.0,153932.0,36.33,-94.33
Bergen County,930310.0,69119.0,164322.0,346916.0,40.93,-74.05
Berkeley County,264393.0,35143.0,60650.0,55234.0,33.18,-79.95
Berks County,412885.0,57384.0,108387.0,88360.0,40.63,-75.88
Berkshire County,128563.0,15136.0,29373.0,38799.0,42.33,-73.25
Bernalillo County,671656.0,123974.0,112094.0,184736.0,35.05,-106.67
Berrien County,187116.0,33117.0,40873.0,45214.0,41.95,-86.42
Bethel Census Area,17871.0,4613.0,4374.0,1456.0,60.75,-160.5
Bexar County,1858191.0,312687.0,319204.0,405905.0,29.45,-98.52
Bibb County,196765.0,46934.0,45892.0,37355.0,32.8,-83.67
Bienville Parish,12561.0,3214.0,3634.0,1676.0,32.37,-93.05
Big Horn County,24127.0,4714.0,4782.0,4235.0,44.53,-108.08
Big Stone County,5343.0,583.0,1671.0,1072.0,45.4,-96.45
Bingham County,43395.0,5392.0,8329.0,7073.0,43.17,-112.31
Black Hawk County,131865.0,19639.0,27675.0,31448.0,42.47,-92.32
Blackford County,12440.0,1410.0,4269.0,1761.0,40.45,-85.37
Blaine County,35967.0,5648.0,6487.0,10101.0,35.87,-98.45
Blair County,128215.0,18329.0,44019.0,25165.0,40.63,-78.38
Blanco County,10390.0,1047.0,2605.0,2693.0,30.25,-98.42
Blount County,163163.0,23734.0,39615.0,34324.0,35.7,-83.95
Blue Earth County,65429.0,11347.0,10830.0,16544.0,44.03,-94.07
Bond County,18330.0,2601.0,5278.0,3495.0,38.88,-89.43
Bonner County,39146.0,5530.0,8931.0,8749.0,48.83,-117
Bonneville County,108960.0,13687.0,18306.0,25131.0,43.42,-111.5
Boone County,507705.0,66930.0,93492.0,135019.0,39.03,-92.33
Bosque County,18273.0,2619.0,4620.0,3243.0,31.9,-97.65
Bossier Parish,121915.0,18502.0,23600.0,26875.0,32.63,-93.6
Boulder County,327682.0,41751.0,30210.0,134848.0,40.08,-105.35
Boundary County,11141.0,1813.0,2994.0,2057.0,48.96,-117
Bourbon County,33687.0,5722.0,8065.0,6496.0,37.85,-94.85
Bowie County,93094.0,17166.0,22671.0,15828.0,33.45,-94.43
Box Butte County,11628.0,1585.0,2594.0,2299.0,42.23,-103.08
Box Elder County,51417.0,5238.0,9873.0,9232.0,41.5,-112.88
Boyd County,54648.0,9493.0,13816.0,11423.0,38.37,-82.68
Boyle County,30405.0,4581.0,7666.0,6220.0,37.63,-84.87
Bradford County,85774.0,11759.0,27645.0,15089.0,41.88,-76.88
Bradley County,117438.0,22074.0,27743.0,21983.0,35.15,-84.87
Branch County,44139.0,7283.0,12661.0,6838.0,41.92,-85.07
Brazoria County,356050.0,36997.0,62883.0,85034.0,29.18,-95.45
Brazos County,209565.0,52573.0,22546.0,48782.0,30.67,-96.32
Brevard County,561397.0,77384.0,122792.0,162093.0,28.29,-80.75
Brewster County,9188.0,1023.0,1630.0,2644.0,29.83,-103.25
Bristol Bay Borough,999.0,69.0,238.0,183.0,58.75,-156.83
Bristol County,604096.0,70584.0,131069.0,155431.0,41.83,-71.17
Brookings County,33110.0,4879.0,4557.0,8685.0,44.31,-96.82
Brooks County,19369.0,5616.0,4734.0,2256.0,27.03,-98.23
Broome County,201853.0,32882.0,43697.0,53956.0,42.25,-75.83
Broomfield County,68582.0,3723.0,7408.0,27911.0,39.92,-105.09
Broward County,1863780.0,265521.0,377541.0,534431.0,26.15,-80.48
Brown County,438303.0,52881.0,104050.0,103733.0,44.47,-87.97
Brunswick County,135859.0,21002.0,31101.0,36658.0,34.07,-78.27
Bryan County,83694.0,12670.0,17897.0,17790.0,33.97,-96.27
Buchanan County,136026.0,22620.0,35112.0,23810.0,39.65,-94.77
Bucks County,614949.0,35699.0,133406.0,201142.0,40.5,-75.38
Buena Vista County,20664.0,2588.0,4337.0,3639.0,42.73,-95.15
Buffalo County,65229.0,8599.0,12220.0,16154.0,40.85,-99.08
Bulloch County,68760.0,20456.0,9751.0,13623.0,32.42,-81.75
Bullock County,10725.0,2901.0,2607.0,1139.0,32.07,-85.7
Buncombe County,245111.0,35229.0,45314.0,79384.0,35.6,-82.52
Bureau County,33529.0,4415.0,9401.0,6744.0,41.4,-89.52
Burke County,101772.0,21695.0,23582.0,19262.0,35.77,-81.7
Burleigh County,90004.0,6706.0,14514.0,29593.0,46.96,-100.46
Burleson County,17342.0,2310.0,4907.0,2382.0,30.52,-96.62
Burlington County,445204.0,28183.0,92472.0,138826.0,39.88,-74.64
Burnet County,37300.0,4946.0,8035.0,8389.0,30.78,-98.18
Butler County,721294.0,89374.0,165791.0,175384.0,39.45,-84.57
Butte County,237737.0,48047.0,39225.0,54398.0,39.65,-121.57
Cabarrus County,195548.0,24567.0,37273.0,46678.0,35.37,-80.57
Cabell County,94174.0,18795.0,20745.0,22459.0,38.43,-82.25
Cabo Rojo Municipio,50096.0,25055.0,9662.0,11900.0,18.06,-67.15
Cache County,118824.0,17367.0,13498.0,26180.0,41.75,-111.75
Caddo Parish,255868.0,56249.0,57077.0,51223.0,32.63,-93.9
Caguas Municipio,140558.0,52210.0,27738.0,38019.0,18.21,-66.05
Calaveras County,44814.0,5631.0,9513.0,10558.0,38.17,-120.58
Calcasieu Parish,205176.0,34367.0,48170.0,37258.0,30.23,-93.35
Caldwell County,140847.0,23999.0,35989.0,20996.0,35.95,-81.55
Calhoun County,354739.0,62160.0,87943.0,62567.0,42.25,-85
Callaway County,43178.0,5039.0,11366.0,8173.0,38.87,-91.9
Calloway County,38000.0,8610.0,7548.0,7648.0,36.63,-88.27
Calumet County,25445.0,1638.0,6802.0,5954.0,44.08,-88.2
Cambria County,137842.0,20583.0,45675.0,29373.0,40.63,-78.75
Camden County,631858.0,83300.0,140300.0,158295.0,39.78,-74.97
Cameron County,423535.0,137409.0,72660.0,56236.0,26.12,-97.52
Cameron Parish,2647.0,210.0,773.0,497.0,29.87,-93.22
Campbell County,215803.0,30332.0,52280.0,44656.0,38.95,-84.38
Camuy Municipio,33481.0,16173.0,6791.0,6707.0,18.43,-66.86
Canadian County,124832.0,9546.0,24813.0,29017.0,35.53,-97.98
Canyon County,204581.0,37664.0,42298.0,32596.0,43.88,-116.96
Cape Girardeau County,77047.0,13263.0,16068.0,17566.0,37.38,-89.72
Cape May County,96044.0,9776.0,24996.0,26642.0,39.15,-74.78
Carbon County,111626.0,13903.0,31965.0,22432.0,41.67,-106.83
Carolina Municipio,160451.0,46801.0,30182.0,47005.0,18.38,-65.96
Caroline County,62326.0,8962.0,17400.0,10156.0,38.03,-77.35
Carroll County,523887.0,65250.0,129998.0,112129.0,39.55,-77.02
Carson City,56002.0,9194.0,11636.0,11449.0,39.16,-119.77
Carter County,131172.0,25449.0,36550.0,19464.0,34.23,-97.3
Carteret County,73156.0,9745.0,14793.0,20390.0,34.8,-76.7
Carver County,92345.0,3833.0,12856.0,33592.0,44.8,-93.78
Cascade County,82145.0,11699.0,17594.0,19645.0,47.3,-111.37
Cass County,451622.0,55521.0,97635.0,109225.0,46.94,-97.23
Cassia County,23115.0,3488.0,4230.0,3706.0,42.32,-113.56
Caswell County,17488.0,4038.0,4467.0,2551.0,36.4,-79.35
Catawba County,163398.0,25061.0,35694.0,35468.0,35.67,-81.23
Cayey Municipio,49841.0,21718.0,11743.0,11022.0,18.1,-66.15
Cayuga County,76394.0,8436.0,18167.0,18861.0,42.97,-76.58
Cecil County,102175.0,10729.0,26411.0,20661.0,39.57,-75.95
Cedar County,38551.0,4931.0,10727.0,7718.0,41.77,-91.13
Ceiba Municipio,12798.0,5611.0,3146.0,2335.0,18.26,-65.67
Centre County,161827.0,27540.0,31231.0,46997.0,41.25,-77.9
Cerro Gordo County,43070.0,5394.0,9829.0,11322.0,43.08,-93.27
Chaffee County,18512.0,1680.0,3779.0,6287.0,38.77,-106.18
Champaign County,245375.0,45444.0,39027.0,68055.0,40.13,-88.2
Charles County,155753.0,11475.0,34315.0,35843.0,38.48,-76.98
Charles Mix County,9532.0,2174.0,2175.0,1545.0,43.19,-98.5
Charleston County,373101.0,57806.0,58030.0,129730.0,32.77,-79.97
Charlevoix County,27211.0,3324.0,6496.0,7448.0,45.22,-85
Charlotte County,182056.0,23197.0,51841.0,44382.0,26.92,-81.92
Chase County,6652.0,680.0,1387.0,1407.0,40.53,-101.7
Chatham County,329564.0,55885.0,56413.0,87378.0,32,-81.08
Chattooga County,27223.0,5515.0,7549.0,2998.0,34.47,-85.33
Chautauqua County,136669.0,25112.0,34795.0,31497.0,42.25,-79.4
Chaves County,65586.0,14196.0,11945.0,11405.0,33.38,-104.45
Cheboygan County,21937.0,3953.0,6361.0,4343.0,45.45,-84.5
Chelan County,74785.0,9318.0,15366.0,16814.0,47.88,-120.63
Chemung County,85881.0,12994.0,20923.0,21743.0,42.15,-76.77
Chenango County,50847.0,7745.0,14215.0,10642.0,42.47,-75.58
Cherokee County,465630.0,68927.0,93792.0,106310.0,34.27,-84.45
Cherry County,5402.0,388.0,1265.0,1175.0,42.55,-101.1
Chesapeake city,233306.0,21418.0,41365.0,61381.0,39.53,-75.81
Cheshire County,77181.0,7900.0,18015.0,21501.0,42.93,-72.27
Chester County,580800.0,47126.0,94112.0,210763.0,40.13,-75.88
Chesterfield County,371804.0,36074.0,65698.0,107506.0,37.38,-77.6
Cheyenne County,14933.0,1464.0,2945.0,3734.0,38.83,-102.6
Childress County,7098.0,1342.0,1967.0,1115.0,34.53,-100.22
Chippewa County,112579.0,14084.0,30029.0,24201.0,46.3,-84.48
Chisago County,62081.0,3468.0,14811.0,14523.0,45.5,-92.9
Chittenden County,162800.0,17359.0,22420.0,61014.0,44.45,-73.05
Choctaw County,34340.0,8410.0,9494.0,4862.0,33.34,-89.24
Chowan County,14388.0,3491.0,3660.0,2909.0,36.15,-76.65
Christian County,198530.0,28081.0,43359.0,36646.0,36.97,-93.18
Churchill County,24119.0,3837.0,5569.0,4464.0,39.5,-118.25
Ciales Municipio,17795.0,10824.0,4044.0,3029.0,18.29,-66.52
Cibola County,34391.0,10091.0,8268.0,4261.0,34.86,-109.06
Cidra Municipio,37558.0,15486.0,8770.0,8142.0,18.18,-66.16
Citrus County,140189.0,24338.0,42800.0,29020.0,28.87,-82.46
Clackamas County,388556.0,35585.0,62503.0,117140.0,45.25,-122.17
Clallam County,74470.0,11505.0,15422.0,19571.0,48.05,-123.83
Clare County,33255.0,7611.0,9718.0,4759.0,43.98,-84.85
Clark County,2901254.0,409011.0,598975.0,612124.0,36,-114.88
Clarke County,192334.0,52288.0,34068.0,43624.0,33.95,-83.38
Clay County,688217.0,87152.0,149718.0,162342.0,39.32,-94.4
Clayton County,244441.0,56395.0,53254.0,39432.0,33.53,-84.37
Clearfield County,76960.0,10591.0,28799.0,12995.0,41.13,-78.75
Clearwater County,20406.0,2907.0,5510.0,3787.0,47.57,-95.37
Cleburne County,40043.0,6657.0,11562.0,5693.0,35.52,-92.02
Cleveland County,359897.0,52569.0,67418.0,84461.0,35.2,-97.3
Clinton County,373665.0,47419.0,96924.0,76841.0,44.73,-73.68
Cloud County,9577.0,1156.0,2085.0,2138.0,39.48,-97.65
Coahoma County,24840.0,8704.0,4407.0,4241.0,34.22,-90.57
Coamo Municipio,39630.0,19373.0,9801.0,7629.0,18.1,-66.36
Cobb County,727790.0,84595.0,97693.0,248155.0,33.93,-84.57
Cochise County,129997.0,22309.0,21805.0,30435.0,31.93,-109.74
Coconino County,131075.0,25942.0,17177.0,33001.0,36.08,-112.13
Codington County,27702.0,2856.0,7088.0,6199.0,44.96,-97.19
Coffee County,151029.0,26207.0,36954.0,27585.0,35.48,-86.07
Colbert County,52618.0,8228.0,13239.0,9879.0,34.68,-87.82
Cole County,77453.0,8980.0,16865.0,20828.0,38.5,-92.28
Coleman County,8550.0,1531.0,2535.0,1180.0,31.78,-99.45
Coles County,52395.0,10767.0,10211.0,11673.0,39.55,-88.23
Colfax County,23560.0,3786.0,5649.0,4258.0,36.88,-105.13
Collier County,347622.0,45251.0,73129.0,107834.0,26.13,-81.48
Collin County,825992.0,57187.0,88108.0,308268.0,33.2,-96.57
Collingsworth County,2873.0,578.0,630.0,415.0,34.97,-100.27
Colquitt County,44176.0,11196.0,11298.0,5508.0,31.18,-83.77
Columbia County,481604.0,61125.0,110618.0,116845.0,33.55,-82.25
Columbiana County,110055.0,16563.0,35886.0,18235.0,40.75,-80.75
Colusa County,21580.0,2932.0,3360.0,3278.0,39.18,-122.27
Comal County,144403.0,12884.0,27268.0,41718.0,29.82,-98.3
Comanche County,137634.0,21815.0,30212.0,23518.0,34.67,-98.48
Conecuh County,12825.0,4425.0,4411.0,1238.0,31.47,-86.98
Contra Costa County,1101740.0,111453.0,148507.0,361261.0,37.93,-121.93
Converse County,14223.0,1186.0,3637.0,2715.0,42.97,-105.53
Cook County,5191796.0,856032.0,894602.0,1504729.0,41.83,-87.85
Cooke County,35881.0,5609.0,7447.0,6999.0,33.63,-97.22
Coos County,95255.0,15283.0,25429.0,19584.0,43.17,-124
Corozal Municipio,34702.0,19587.0,7020.0,5826.0,18.31,-66.33
Cortland County,48913.0,6315.0,10593.0,11712.0,42.6,-76.08
Coryell County,62753.0,7184.0,12457.0,11493.0,31.38,-97.8
Cottonwood County,11357.0,1801.0,2778.0,2265.0,44,-95.2
Covington County,62428.0,12882.0,15879.0,10256.0,31.27,-86.45
Coweta County,134895.0,15957.0,28315.0,31510.0,33.38,-84.77
Cowley County,35844.0,5528.0,7222.0,7367.0,37.23,-96.83
Cowlitz County,105572.0,17220.0,23632.0,18729.0,46.2,-122.68
Craighead County,103768.0,18937.0,23378.0,20700.0,35.82,-90.65
Crane County,4591.0,520.0,880.0,475.0,31.45,-102.52
Craven County,106840.0,15336.0,19729.0,23378.0,35.13,-77.07
Crawford County,341862.0,57547.0,96775.0,59666.0,35.58,-94.23
Creek County,67633.0,9670.0,18628.0,10483.0,35.9,-96.4
Crenshaw County,13223.0,2275.0,3697.0,2020.0,31.73,-86.32
Crittenden County,57228.0,13709.0,13506.0,8383.0,35.23,-90.28
Crook County,28179.0,4021.0,7438.0,5433.0,44.17,-120.08
Crow Wing County,66673.0,6707.0,14358.0,17866.0,46.47,-94.08
Culebra Municipio,1493.0,679.0,401.0,215.0,18.32,-65.29
Culpeper County,55183.0,5163.0,12297.0,10942.0,38.5,-77.97
Cumberland County,1055763.0,136961.0,224909.0,281155.0,35.05,-78.87
Currituck County,25255.0,2534.0,5307.0,5610.0,36.31,-75.94
Curry County,73018.0,14058.0,13662.0,14922.0,34.95,-103.25
Custer County,68663.0,9569.0,14723.0,15839.0,44.88,-114.22
Cuyahoga County,1264525.0,227812.0,255839.0,336784.0,41.43,-81.67
Dakota County,434489.0,32743.0,64614.0,146913.0,44.67,-93.07
Dale County,43283.0,8675.0,9541.0,7823.0,31.45,-85.65
Dallam County,12149.0,1294.0,2768.0,1670.0,36.28,-102.6
Dallas County,2702502.0,487529.0,431744.0,611413.0,32.77,-96.78
Dane County,519139.0,63656.0,64250.0,199468.0,43.07,-89.43
Dare County,35187.0,2885.0,6510.0,9848.0,35.75,-75.77
Darlington County,65055.0,14826.0,16733.0,11406.0,34.33,-79.97
Dauphin County,267829.0,35704.0,64871.0,69591.0,40.63,-76.75
Davidson County,825261.0,139772.0,153696.0,227865.0,36.15,-86.78
Daviess County,138150.0,21692.0,34483.0,26175.0,37.7,-87.12
Davis County,331075.0,24881.0,41866.0,87842.0,41,-112
Davison County,20490.0,2361.0,3765.0,5704.0,43.67,-98.18
Dawes County,9164.0,1261.0,1562.0,2285.0,42.72,-103.13
Dawson County,75613.0,10975.0,17286.0,14589.0,40.87,-99.82
Day County,5547.0,987.0,1611.0,1108.0,45.32,-97.58
De Soto Parish,26853.0,7008.0,7497.0,3452.0,32.07,-93.77
De Witt County,16037.0,1926.0,4268.0,3401.0,40.17,-88.92
DeKalb County,1021931.0,185174.0,171844.0,298118.0,33.75,-84.23
DeSoto County,203921.0,26673.0,43277.0,39603.0,34.92,-89.99
Deaf Smith County,19213.0,3220.0,3850.0,2257.0,34.97,-102.6
Decatur County,75929.0,14180.0,20861.0,12661.0,39.8,-100.47
Defiance County,37474.0,5033.0,11375.0,6567.0,41.33,-84.45
Del Norte County,27628.0,5219.0,6173.0,4550.0,41.7,-123.9
Delaware County,967864.0,108111.0,202348.0,283384.0,40,-75.38
Denali Borough,1902.0,210.0,274.0,652.0,63.79,-150.19
Denton County,812643.0,69624.0,102240.0,261904.0,33.2,-97.13
Denver County,640856.0,105808.0,84102.0,233060.0,39.67,-104.95
Des Moines County,39954.0,6579.0,9799.0,8951.0,40.92,-91.18
Deschutes County,169802.0,23470.0,29154.0,51347.0,43.92,-121.25
Dickenson County,14661.0,3361.0,3630.0,2109.0,37.13,-82.35
Dickinson County,62821.0,6934.0,16083.0,15515.0,46,-87.87
Dillingham Census Area,4980.0,815.0,1074.0,655.0,58.75,-156
Dinwiddie County,15484.0,2232.0,4561.0,2648.0,37.07,-77.63
District of Columbia,659009.0,112060.0,88371.0,270812.0,38.92,-77
Dixie County,15661.0,3109.0,5156.0,1466.0,29.62,-83.17
Dodge County,168298.0,16707.0,46666.0,32188.0,43.42,-88.7
Doniphan County,7746.0,840.0,2044.0,1289.0,39.8,-95.12
Door County,27071.0,2432.0,6882.0,8562.0,44.92,-87.3
Dorado Municipio,38292.0,13816.0,7094.0,9689.0,18.44,-66.28
Dorchester County,234254.0,30371.0,48328.0,52897.0,33.1,-80.38
Dougherty County,98647.0,27761.0,18937.0,17295.0,31.53,-84.2
Douglas County,1428442.0,172650.0,221372.0,427030.0,41.3,-96.17
Drew County,17328.0,4483.0,4108.0,2642.0,33.6,-91.72
DuPage County,960554.0,66425.0,126822.0,357772.0,41.83,-88.08
Dubois County,43115.0,3604.0,12379.0,9203.0,38.35,-86.89
Dubuque County,97825.0,11694.0,23142.0,25033.0,42.48,-90.87
Dundy County,1788.0,151.0,423.0,407.0,40.17,-101.67
Dunklin County,31401.0,8370.0,8116.0,3647.0,36.28,-90.03
Dunn County,48180.0,6555.0,10281.0,11218.0,44.95,-91.88
Durham County,285770.0,48352.0,36690.0,99578.0,36.03,-78.87
Dutchess County,298740.0,25815.0,56629.0,90273.0,41.77,-73.73
Duval County,914796.0,149387.0,180480.0,231190.0,30.36,-81.63
Dyer County,37123.0,6725.0,10145.0,6487.0,36.05,-89.4
Eagle County,50445.0,4400.0,6529.0,19547.0,39.63,-106.7
East Baton Rouge Parish,444557.0,85101.0,78615.0,110809.0,30.52,-91.1
Eaton County,116717.0,11836.0,24213.0,29152.0,42.6,-84.85
Eau Claire County,104521.0,14546.0,18171.0,28924.0,44.73,-91.3
Ector County,157425.0,19230.0,28657.0,20591.0,31.87,-102.55
Eddy County,59025.0,8041.0,14071.0,9850.0,32.88,-104.75
Edgecombe County,50201.0,12282.0,12974.0,6785.0,35.9,-77.58
Effingham County,93870.0,9809.0,23294.0,18094.0,32.37,-81.33
El Dorado County,182965.0,17800.0,29480.0,56757.0,38.77,-120.52
El Paso County,1501034.0,257210.0,226581.0,348467.0,31.8,-106.2
Elkhart County,202427.0,29063.0,48464.0,30738.0,41.58,-85.83
Elko County,52269.0,5520.0,9460.0,8793.0,41,-115.5
Ellis County,201957.0,23940.0,37596.0,39251.0,32.35,-96.8
Ellsworth County,5896.0,437.0,1493.0,1223.0,38.7,-98.2
Elmore County,113554.0,16165.0,26247.0,21823.0,43.31,-115.44
Emmet County,45221.0,5169.0,9143.0,13036.0,43.37,-94.67
Erath County,39431.0,9504.0,5577.0,7634.0,32.23,-98.23
Erie County,1286126.0,187686.0,286839.0,365776.0,42.77,-78.67
Escambia County,344820.0,50827.0,70875.0,83690.0,30.67,-87.33
Esmeralda County,1001.0,132.0,308.0,160.0,37.75,-117.63
Essex County,1618606.0,224106.0,319280.0,462648.0,40.78,-74.22
Etowah County,105768.0,19339.0,25195.0,18127.0,34.07,-86.05
Eureka County,1711.0,188.0,560.0,310.0,40,-116.13
Fairbanks North Star Borough,100226.0,7465.0,13894.0,26057.0,64.83,-146.42
Fairfax County,1158179.0,68806.0,112322.0,513722.0,38.85,-77.35
Fairfield County,1099953.0,100605.0,187102.0,369911.0,41.27,-73.32
Fajardo Municipio,33912.0,14866.0,7871.0,7008.0,18.31,-65.68
Fall River County,7628.0,1151.0,1899.0,2004.0,43.27,-103.55
Falls County,15164.0,3550.0,4107.0,1678.0,31.27,-96.93
Fannin County,57465.0,9342.0,15519.0,9835.0,33.6,-96.12
Faulkner County,119418.0,18320.0,22747.0,26623.0,35.17,-92.33
Fayette County,762669.0,121361.0,169111.0,196573.0,38.05,-84.45
Fergus County,11397.0,1565.0,2799.0,3100.0,47.3,-109.27
Fillmore County,29250.0,3145.0,7196.0,6741.0,43.67,-92.1
Finney County,36784.0,5747.0,5675.0,5711.0,38.02,-100.67
Flagler County,100982.0,13255.0,26022.0,24564.0,29.46,-81.29
Flathead County,98481.0,13425.0,20459.0,26785.0,48.33,-114.25
Florence County,149891.0,28293.0,35011.0,30631.0,34.05,-79.67
Floyd County,241522.0,44141.0,55153.0,46495.0,34.27,-85.15
Fond du Lac County,96688.0,8211.0,25760.0,22304.0,43.75,-88.47
Ford County,47897.0,7692.0,9295.0,7643.0,40.58,-88.25
Forrest County,68288.0,18640.0,12911.0,12909.0,31.31,-89.29
Forsyth County,536077.0,80551.0,87827.0,158152.0,36.13,-80.23
Fort Bend County,639650.0,51699.0,78222.0,208801.0,29.55,-95.78
Fountain County,19701.0,2497.0,6223.0,3155.0,40.11,-87.26
Franklin County,2210567.0,341647.0,451727.0,569434.0,39.97,-83.02
Franklin Parish,19367.0,5684.0,5429.0,1961.0,32.15,-91.68
Franklin city,13357.0,1972.0,2942.0,2619.0,38.01,-75.38
Frederick County,339004.0,22002.0,63267.0,102383.0,39.47,-77.4
Freeborn County,29219.0,3304.0,7776.0,5919.0,43.67,-93.35
Fremont County,106167.0,13747.0,28006.0,21725.0,38.48,-105.4
Fresno County,968011.0,255735.0,159229.0,162493.0,36.67,-119.83
Fulton County,1241251.0,198434.0,186434.0,421542.0,33.77,-84.45
Gage County,21150.0,2232.0,5661.0,4781.0,40.27,-96.68
Gallatin County,112123.0,14903.0,16257.0,35479.0,45.67,-111.2
Galveston County,335551.0,42894.0,56980.0,86746.0,29.37,-94.97
Garfield County,135659.0,15471.0,30081.0,29834.0,36.19,-98.06
Garland County,103258.0,20028.0,23522.0,23011.0,34.57,-93.15
Garrett County,27539.0,3474.0,8466.0,5374.0,39.55,-79.25
Garvin County,30886.0,5642.0,9031.0,4256.0,34.72,-97.33
Gaston County,215140.0,35687.0,45802.0,43583.0,35.3,-81.2
Geary County,29989.0,3854.0,5072.0,5131.0,39,-96.67
Genesee County,487338.0,93489.0,110511.0,103798.0,43.03,-83.68
Georgetown County,52182.0,10874.0,11378.0,12401.0,33.45,-79.35
Gibson County,88332.0,13114.0,23979.0,15520.0,38.36,-87.57
Gila County,48268.0,8573.0,10548.0,10008.0,33.52,-110.52
Gilchrist County,16899.0,3607.0,4474.0,2333.0,29.71,-82.79
Gilmer County,35962.0,7028.0,9581.0,6164.0,34.68,-84.45
Glacier County,13695.0,4502.0,3145.0,2306.0,48.65,-112.97
Glenn County,28463.0,5609.0,5598.0,3697.0,39.6,-122.43
Gloucester County,312137.0,25657.0,75186.0,79988.0,39.73,-75.13
Glynn County,82511.0,15151.0,16014.0,20487.0,31.23,-81.53
Gogebic County,15750.0,2919.0,4702.0,3356.0,46.38,-89.7
Goliad County,6538.0,1171.0,1811.0,1177.0,28.65,-97.43
Goodhue County,47442.0,4947.0,10986.0,12342.0,44.42,-92.72
Gordon County,56904.0,11346.0,14212.0,6803.0,34.5,-84.87
Goshen County,13429.0,2031.0,2835.0,3098.0,42.08,-104.35
Gosper County,1868.0,119.0,464.0,445.0,40.53,-99.83
Gove County,2808.0,243.0,715.0,675.0,38.92,-100.48
Grady County,67561.0,12905.0,17864.0,10192.0,35.03,-97.9
Grafton County,89292.0,9699.0,17859.0,28910.0,43.95,-71.8
Graham County,50327.0,10739.0,10821.0,7033.0,39.35,-99.88
Grand County,24240.0,3128.0,4714.0,7795.0,38.88,-109.5
Grand Forks County,69842.0,11531.0,10371.0,18437.0,47.94,-97.43
Grand Traverse County,97032.0,8930.0,18324.0,30058.0,44.68,-85.47
Granite County,2600.0,419.0,619.0,620.0,46.4,-113.47
Grant County,335295.0,54615.0,80349.0,58174.0,47.15,-119.48
Gratiot County,43915.0,7156.0,12798.0,6639.0,43.28,-84.6
Gray County,29838.0,3965.0,6366.0,4672.0,35.42,-100.8
Grays Harbor County,73760.0,12237.0,17999.0,13766.0,47.08,-123.83
Grayson County,167087.0,27896.0,39207.0,30836.0,33.62,-96.68
Greeley County,3762.0,301.0,974.0,846.0,41.57,-98.53
Green Lake County,20625.0,2333.0,6145.0,3932.0,43.8,-89.03
Greene County,757866.0,122613.0,175399.0,165894.0,37.27,-93.35
Greenville County,512788.0,70948.0,92377.0,141439.0,34.88,-82.37
Greenwood County,74467.0,16297.0,15654.0,16901.0,34.17,-82.12
Gregg County,150357.0,25442.0,28997.0,27575.0,32.52,-94.82
Griggs County,2130.0,161.0,491.0,555.0,47.43,-98.22
Grimes County,29269.0,5108.0,7609.0,3857.0,30.53,-95.97
Grundy County,87172.0,11152.0,22481.0,17237.0,35.27,-85.83
Guadalupe County,134017.0,13694.0,26650.0,31828.0,29.57,-97.97
Guayama Municipio,41993.0,21434.0,10611.0,7381.0,18.02,-66.13
Guayanilla Municipio,19996.0,11725.0,4319.0,4298.0,18.05,-66.79
Guaynabo Municipio,98806.0,25809.0,13058.0,39394.0,18.34,-66.12
Guernsey County,39957.0,7489.0,12236.0,6417.0,40.05,-81.52
Guilford County,512429.0,87136.0,87291.0,143309.0,36.07,-79.8
Gunnison County,15585.0,2239.0,1865.0,5882.0,38.7,-107.07
Gurabo Municipio,46990.0,15141.0,8166.0,14239.0,18.27,-65.97
Guthrie County,11151.0,1167.0,3155.0,2407.0,41.68,-94.5
Gwinnett County,811837.0,104325.0,126365.0,226453.0,33.95,-84.05
Haakon County,2187.0,389.0,583.0,471.0,44.28,-101.58
Habersham County,44992.0,7526.0,11131.0,7438.0,34.62,-83.5
Haines Borough,2592.0,140.0,490.0,875.0,59.25,-135.5
Hale County,53262.0,11064.0,13200.0,6755.0,32.76,-87.63
Halifax County,90658.0,20772.0,23972.0,14565.0,36.25,-77.65
Hall County,256334.0,43316.0,51146.0,46492.0,34.32,-83.78
Hamblen County,67606.0,13854.0,20090.0,9817.0,36.2,-83.27
Hamilton County,1527730.0,217353.0,270023.0,459887.0,39.18,-84.53
Hampden County,467807.0,80104.0,99790.0,112003.0,42.17,-72.58
Hampshire County,187154.0,24396.0,33896.0,56570.0,42.33,-72.58
Hampton County,24930.0,4222.0,7145.0,3421.0,32.8,-81.12
Hancock County,324047.0,40387.0,80091.0,79439.0,41.02,-83.67
Hanover County,100784.0,6616.0,18954.0,30211.0,37.75,-77.48
Hardin County,254397.0,34893.0,62828.0,48574.0,37.7,-85.97
Harding County,1627.0,228.0,387.0,417.0,45.58,-103.5
Harford County,248894.0,18950.0,48820.0,72605.0,39.55,-76.3
Harnett County,114376.0,20505.0,22895.0,20897.0,35.38,-78.85
Harper County,9844.0,1353.0,2559.0,1895.0,37.2,-98.08
Harris County,4489228.0,769196.0,728795.0,1024173.0,29.83,-95.4
Harrison County,431875.0,77424.0,105158.0,81101.0,30.41,-89.04
Hartford County,895909.0,100860.0,175080.0,276966.0,41.77,-72.77
Harvey County,37128.0,4384.0,6801.0,8751.0,38.05,-97.43
Haskell County,23021.0,4096.0,5693.0,3449.0,35.22,-95.13
Hatillo Municipio,41327.0,18400.0,6626.0,10625.0,18.41,-66.79
Hawaii County,193680.0,35737.0,43548.0,50653.0,19.5,-155.5
Hays County,201882.0,32391.0,28522.0,49604.0,30.05,-98.03
Haywood County,75921.0,13356.0,17955.0,17996.0,35.55,-82.97
Henderson County,280284.0,45405.0,65895.0,61070.0,37.78,-87.57
Hendricks County,135030.0,6661.0,26650.0,38139.0,39.76,-86.53
Hennepin County,1212620.0,141544.0,157379.0,467917.0,45.02,-93.45
Henrico County,356664.0,44012.0,58049.0,115465.0,37.55,-77.37
Henry County,538585.0,79008.0,132738.0,105200.0,33.45,-84.15
Herkimer County,60863.0,8516.0,15573.0,14739.0,43.45,-74.95
Hernando County,170920.0,26461.0,47778.0,34631.0,28.54,-82.46
Hidalgo County,832837.0,268873.0,125635.0,101672.0,26.33,-98.2
Highland County,44029.0,9006.0,13335.0,6470.0,39.18,-83.62
Highlands County,100589.0,18911.0,29416.0,18407.0,27.37,-81.35
Hill County,52363.0,10691.0,11409.0,9403.0,48.65,-110.1
Hillsborough County,1750616.0,249304.0,335489.0,499089.0,27.92,-82.35
Hillsdale County,45385.0,8129.0,12170.0,7771.0,41.9,-84.6
Hinds County,244931.0,60442.0,40725.0,55957.0,32.31,-90.24
Hocking County,27025.0,4841.0,8794.0,4218.0,39.52,-82.47
Holt County,14914.0,1584.0,4070.0,3397.0,40.1,-95.22
Honolulu County,986999.0,90359.0,185102.0,294695.0,21.47,-157.97
Hood County,55911.0,6449.0,12749.0,12562.0,32.43,-97.87
Hooker County,761.0,107.0,212.0,215.0,41.92,-101.15
Hoonah-Angoon Census Area,2043.0,252.0,521.0,472.0,57.95,-134.94
Hopkins County,81511.0,14346.0,22852.0,13006.0,37.33,-87.55
Hormigueros Municipio,16678.0,6013.0,3864.0,3610.0,18.14,-67.12
Horry County,311767.0,53275.0,73729.0,74178.0,33.92,-78.98
Houston County,301961.0,54196.0,67453.0,63073.0,31.15,-85.32
Howard County,476201.0,40614.0,74895.0,166369.0,39.25,-76.93
Hubbard County,23061.0,3428.0,5215.0,5645.0,47.1,-94.9
Hudson County,668526.0,115156.0,132481.0,203552.0,40.72,-74.07
Hudspeth County,3295.0,1108.0,649.0,222.0,31.47,-105.3
Huerfano County,6045.0,1086.0,1434.0,1680.0,37.68,-104.95
Hughes County,31919.0,3914.0,7640.0,6867.0,35.07,-96.27
Humacao Municipio,55557.0,24903.0,12472.0,13030.0,18.15,-65.81
Humboldt County,163410.0,31013.0,30011.0,38720.0,40.67,-123.92
Hunt County,80142.0,15511.0,18367.0,12424.0,33.15,-96.07
Hunterdon County,128011.0,5500.0,20716.0,50488.0,40.57,-74.93
Huntington County,39149.0,4192.0,11369.0,7742.0,40.88,-85.5
Huron County,93415.0,12224.0,30739.0,14443.0,41.15,-82.55
Hyde County,6881.0,1266.0,2126.0,942.0,44.55,-99.46
Iberia Parish,74354.0,14735.0,20993.0,8669.0,29.95,-91.75
Idaho County,17888.0,2908.0,4865.0,3119.0,45.96,-114.63
Imperial County,173921.0,38803.0,27643.0,21661.0,33.03,-115.42
Indian River County,145369.0,20302.0,35115.0,40302.0,27.69,-80.58
Indiana County,93158.0,14901.0,27359.0,18207.0,40.88,-79.13
Ingham County,302065.0,63448.0,41250.0,84404.0,42.6,-84.38
Inyo County,19291.0,1979.0,4660.0,4477.0,36.58,-117.42
Ionia County,63714.0,8453.0,17334.0,10636.0,42.95,-85.07
Iosco County,26695.0,4450.0,8321.0,5085.0,44.33,-83.63
Iredell County,164717.0,21786.0,33286.0,40201.0,35.78,-80.88
Iron County,75004.0,14998.0,15138.0,15038.0,37.75,-113.13
Iroquois County,27339.0,4256.0,8139.0,4764.0,40.75,-87.83
Isabella County,67869.0,18040.0,11149.0,13193.0,43.65,-84.85
Isanti County,35250.0,2654.0,9040.0,6774.0,45.55,-93.3
Island County,80113.0,7362.0,13363.0,25141.0,48.13,-122.58
Isle of Wight County,35007.0,3543.0,7167.0,9160.0,36.88,-76.7
Itasca County,44168.0,5785.0,9892.0,10887.0,47.5,-93.58
Jackson County,1730887.0,296397.0,384143.0,382787.0,39.02,-94.35
Jackson Parish,14228.0,3849.0,4253.0,1890.0,32.33,-92.55
James City County,96952.0,9167.0,13519.0,37570.0,37.3,-76.77
Jasper County,311564.0,47444.0,82785.0,53201.0,37.2,-94.35
Jeff Davis County,17461.0,3345.0,4302.0,2505.0,30.7,-104.08
Jefferson County,3262724.0,466855.0,660381.0,843544.0,38.18,-85.65
Jefferson Davis Parish,29718.0,5385.0,8508.0,3527.0,30.25,-92.83
Jefferson Parish,435204.0,69402.0,99260.0,92918.0,29.73,-90.1
Jersey County,17961.0,1693.0,4712.0,3810.0,39.07,-90.35
Jessamine County,49925.0,9130.0,9657.0,11711.0,37.87,-84.57
Jim Wells County,41973.0,8502.0,10202.0,4444.0,27.77,-98.1
Jo Daviess County,22033.0,1985.0,6106.0,5164.0,42.35,-90.18
Johnson County,1193988.0,120289.0,183059.0,379928.0,38.87,-94.87
Johnston County,160339.0,25246.0,34557.0,32406.0,35.53,-78.4
Jones County,119952.0,22589.0,27726.0,23044.0,31.67,-89.16
Josephine County,85464.0,16629.0,20745.0,16151.0,42.42,-123.58
Juneau City and Borough,32504.0,2345.0,4801.0,10429.0,58.42,-134.33
Kalamazoo County,254882.0,43485.0,37284.0,71958.0,42.25,-85.55
Kanawha County,190690.0,29898.0,52465.0,43178.0,38.33,-81.57
Kandiyohi County,41993.0,4688.0,7714.0,10320.0,45.13,-95
Kane County,523058.0,58996.0,84282.0,127724.0,41.95,-88.43
Kankakee County,113099.0,17058.0,26118.0,20174.0,41.15,-87.87
Kaufman County,106235.0,14317.0,23401.0,18595.0,32.6,-96.3
Kay County,44587.0,7593.0,10359.0,8951.0,36.85,-97.15
Kearny County,3795.0,479.0,661.0,551.0,37.98,-101.32
Keith County,7967.0,1023.0,2060.0,2001.0,41.2,-101.65
Kenai Peninsula Borough,57637.0,6175.0,12963.0,12682.0,60.42,-151.25
Kendall County,148431.0,8953.0,25051.0,40597.0,41.58,-88.43
Kennebec County,120946.0,17108.0,30988.0,30796.0,44.47,-69.77
Kenosha County,160266.0,23998.0,34692.0,36756.0,42.57,-88.05
Kent County,999702.0,129665.0,190934.0,269617.0,43.03,-85.55
Kenton County,159549.0,21102.0,31798.0,40157.0,38.95,-84.53
Kern County,873081.0,194706.0,157754.0,118716.0,35.3,-118.67
Kerr County,49745.0,7992.0,10167.0,11819.0,30.05,-99.3
Kershaw County,70004.0,10179.0,17037.0,15209.0,34.45,-80.57
Ketchikan Gateway Borough,13745.0,1464.0,3069.0,2914.0,55.5,-131.42
Kewaunee County,20895.0,1807.0,6375.0,4388.0,44.52,-87.63
Keweenaw County,1938.0,333.0,503.0,576.0,47.37,-88.2
Kimball County,3815.0,393.0,987.0,718.0,41.2,-103.72
King County,2091994.0,219863.0,253907.0,843061.0,47.47,-121.82
King William County,16275.0,2068.0,4453.0,3150.0,37.68,-77.08
Kings County,2755459.0,616104.0,529104.0,725309.0,40.65,-73.95
Kinney County,3578.0,654.0,728.0,469.0,29.33,-100.42
Kiowa County,13633.0,2405.0,3351.0,2508.0,38.43,-102.82
Kit Carson County,8343.0,1100.0,2316.0,1273.0,39.3,-102.57
Kitsap County,257488.0,26110.0,41050.0,73609.0,47.62,-122.67
Kittitas County,42807.0,8402.0,6476.0,10719.0,47.12,-120.68
Kittson County,4525.0,482.0,1206.0,943.0,48.77,-96.78
Klamath County,64200.0,11928.0,14230.0,13052.0,42.67,-121.75
Kleberg County,31876.0,7110.0,4314.0,5596.0,27.43,-97.72
Klickitat County,21145.0,3331.0,4429.0,4937.0,45.87,-120.77
Knox County,682555.0,108883.0,141381.0,177743.0,36.02,-83.93
Kodiak Island Borough,13918.0,1247.0,2510.0,2982.0,57.33,-153.33
Koochiching County,13407.0,2198.0,3661.0,2804.0,48.23,-93.78
Kootenai County,149536.0,18944.0,29165.0,35127.0,47.71,-116.63
Kosciusko County,75296.0,7711.0,19291.0,14504.0,41.24,-85.85
Kossuth County,14549.0,1382.0,3869.0,3446.0,43.2,-94.22
La Crosse County,116512.0,16575.0,19823.0,34226.0,43.75,-91.1
La Plata County,48486.0,4952.0,6318.0,18142.0,37.28,-107.82
La Salle County,7307.0,847.0,1867.0,685.0,28.35,-99.1
LaGrange County,37076.0,4665.0,7328.0,3912.0,41.64,-85.42
LaPorte County,109209.0,17308.0,29795.0,20135.0,41.61,-86.72
LaSalle County,113137.0,15354.0,29507.0,20554.0,41.27,-88.88
Lackawanna County,211543.0,31354.0,57736.0,52319.0,41.63,-75.62
Lafayette County,112325.0,19986.0,24449.0,24296.0,34.37,-89.52
Lafayette Parish,238662.0,38459.0,46538.0,56731.0,30.23,-92.07
Lafourche Parish,91223.0,13290.0,24992.0,13237.0,29.57,-90.38
Lajas Municipio,24492.0,14579.0,5174.0,4536.0,18.01,-67.04
Lake County,1931850.0,241195.0,396622.0,505760.0,42.33,-88
Lake and Peninsula Borough,1311.0,261.0,336.0,124.0,57,-158
Lamar County,155951.0,28916.0,32306.0,34111.0,33.67,-95.58
Lampasas County,22357.0,3211.0,4378.0,4644.0,31.22,-98.23
Lancaster County,933606.0,113091.0,204213.0,229792.0,40.25,-76.25
Lander County,6008.0,768.0,1476.0,968.0,39.88,-116.88
Lane County,362501.0,69717.0,62674.0,91978.0,43.92,-122.83
Langlade County,19523.0,2953.0,6185.0,3692.0,45.25,-89.05
Lapeer County,83435.0,8586.0,21866.0,16227.0,43.13,-83.23
Laramie County,96493.0,9817.0,17264.0,26131.0,41.35,-104.67
Lares Municipio,28752.0,16509.0,5302.0,4457.0,18.27,-66.87
Larimer County,319222.0,41448.0,40961.0,111277.0,40.67,-105.47
Las Animas County,14312.0,1942.0,3134.0,3209.0,37.42,-104
Las Piedras Municipio,38132.0,18161.0,9120.0,7197.0,18.19,-65.87
Lassen County,32920.0,3637.0,7359.0,5381.0,40.67,-120.58
Latah County,39446.0,8014.0,4504.0,11835.0,47.13,-117
Lauderdale County,204229.0,41021.0,49572.0,36737.0,34.9,-87.63
Laurens County,108028.0,26121.0,28988.0,17001.0,32.45,-82.92
Lavaca County,23692.0,2588.0,6975.0,3607.0,29.38,-96.95
Lawrence County,402814.0,65559.0,118160.0,68797.0,41,-80.5
Lea County,68930.0,10549.0,13480.0,8415.0,32.8,-103.47
Leavenworth County,73989.0,7096.0,14874.0,18424.0,39.23,-95.03
Lebanon County,139385.0,14441.0,42402.0,25638.0,40.5,-76.62
Lee County,1151728.0,194624.0,258054.0,275152.0,26.57,-81.88
Leelanau County,15917.0,1530.0,2896.0,6175.0,44.9,-85.83
Leflore County,31548.0,11755.0,6874.0,4599.0,33.52,-90.22
Lehigh County,369363.0,46822.0,87013.0,94312.0,40.75,-75.62
Lemhi County,7703.0,1284.0,2046.0,1688.0,45.67,-114
Lenawee County,98598.0,13316.0,25443.0,19163.0,41.9,-84.08
Lenoir County,58754.0,13307.0,13682.0,10393.0,35.23,-77.65
Leon County,304226.0,61317.0,37489.0,93452.0,30.49,-84.21
Letcher County,25548.0,7475.0,7048.0,3651.0,37.13,-82.87
Lewis County,157459.0,27102.0,42573.0,27331.0,46.58,-122.4
Lewis and Clark County,66302.0,7781.0,11463.0,21232.0,47.03,-112.48
Lexington County,285374.0,38812.0,57735.0,75835.0,33.9,-81.3
Liberty County,152914.0,23903.0,35051.0,19542.0,31.83,-81.5
Licking County,154559.0,19580.0,39126.0,32386.0,40.08,-82.5
Limestone County,111125.0,16978.0,25699.0,21373.0,34.8,-86.98
Lincoln County,587504.0,89484.0,147643.0,120680.0,41.05,-100.77
Lincoln Parish,48857.0,14071.0,7886.0,10542.0,32.62,-92.65
Linn County,370317.0,44417.0,74144.0,94982.0,42.07,-91.6
Lipscomb County,3504.0,386.0,788.0,554.0,36.25,-100.29
Litchfield County,184669.0,12666.0,40660.0,58151.0,41.77,-73.25
Livingston County,278598.0,26246.0,60556.0,72118.0,40.87,-88.52
Llano County,22878.0,3358.0,5172.0,5620.0,30.7,-98.67
Logan County,221691.0,34030.0,63974.0,35195.0,41.57,-100.48
Lonoke County,75017.0,8920.0,17295.0,13909.0,34.77,-91.88
Lorain County,295649.0,39934.0,66456.0,67064.0,41.33,-82.15
Los Angeles County,10051066.0,1764731.0,1612473.0,2520789.0,34.37,-118.2
Loudon County,57309.0,8217.0,14967.0,13104.0,35.73,-84.32
Loudoun County,360492.0,14142.0,33245.0,148751.0,39.08,-77.65
Love County,9268.0,1168.0,2717.0,1209.0,33.95,-97.23
Lowndes County,190670.0,44810.0,37088.0,35876.0,30.83,-83.25
Lubbock County,294795.0,55023.0,47133.0,59245.0,33.6,-101.83
Lucas County,440082.0,88243.0,92766.0,101758.0,41.65,-83.67
Lumpkin County,25201.0,5223.0,4767.0,5437.0,34.57,-84.02
Luna County,24627.0,7153.0,5708.0,2937.0,32.59,-107.98
Luquillo Municipio,19237.0,8450.0,4680.0,3770.0,18.34,-65.72
Luzerne County,316201.0,48022.0,89703.0,71017.0,41.38,-76.25
Lycoming County,117487.0,15934.0,33480.0,25247.0,41.5,-77.5
Lyman County,3812.0,829.0,943.0,666.0,43.93,-99.88
Lynn County,5911.0,1202.0,1373.0,842.0,33.17,-101.83
Lyon County,132762.0,19445.0,30986.0,26355.0,39,-119.13
Mackinac County,10076.0,1595.0,2717.0,2140.0,46.08,-85
Macomb County,858605.0,102402.0,190657.0,205042.0,42.7,-82.95
Macon County,210227.0,40210.0,52849.0,40566.0,39.87,-88.97
Madera County,152684.0,31918.0,28427.0,19968.0,37.17,-119.83
Madison County,1394284.0,203076.0,280660.0,355285.0,34.73,-86.57
Madison Parish,11170.0,3897.0,3012.0,1146.0,32.37,-91.25
Mahaska County,21111.0,2910.0,5261.0,4743.0,41.33,-92.65
Mahoning County,230706.0,40821.0,62869.0,49237.0,41.03,-80.77
Malheur County,30448.0,6642.0,6282.0,4281.0,43.25,-117.67
Manatee County,355730.0,50122.0,84522.0,95256.0,27.5,-82.29
Manistee County,24531.0,3702.0,6860.0,5575.0,44.33,-86.05
Manitowoc County,79698.0,8162.0,23617.0,17168.0,44.07,-87.8
Marathon County,126338.0,14157.0,32300.0,31447.0,44.9,-89.77
Maricao Municipio,6320.0,4047.0,1749.0,632.0,18.17,-66.95
Maricopa County,4103360.0,667840.0,653498.0,1056881.0,33.5,-112.5
Maries County,6963.0,1242.0,2327.0,1078.0,38.17,-91.88
Marin County,258595.0,20367.0,23072.0,119851.0,38.07,-122.73
Marinette County,43613.0,5513.0,14076.0,7454.0,45.37,-88.07
Marion County,2027870.0,375780.0,450565.0,429461.0,39.77,-86.16
Mariposa County,16232.0,2773.0,3571.0,3906.0,37.55,-119.9
Marquette County,81670.0,12002.0,19061.0,19831.0,46.53,-87.63
Marshall County,368182.0,53697.0,97893.0,61767.0,34.38,-86.33
Martin County,228052.0,30204.0,52966.0,61146.0,27.08,-80.42
Mason County,150538.0,24657.0,41254.0,28028.0,38.58,-83.8
Massac County,14797.0,2740.0,3665.0,2564.0,37.23,-88.73
Matagorda County,37256.0,7868.0,8781.0,5605.0,28.85,-95.95
Matanuska-Susitna Borough,98869.0,9367.0,20270.0,19197.0,62.5,-150.01
Maui County,162411.0,15767.0,36630.0,40777.0,20.87,-156.5
Maunabo Municipio,11506.0,6431.0,2291.0,1962.0,18.02,-65.93
Maury County,72298.0,12417.0,19147.0,12762.0,35.63,-87.07
Maverick County,56594.0,13879.0,8110.0,5923.0,28.77,-100.35
Mayes County,39055.0,8478.0,10244.0,5797.0,36.3,-95.27
McClain County,41597.0,3797.0,10007.0,7930.0,35.02,-97.52
McCracken County,66127.0,11430.0,14670.0,15972.0,37.05,-88.7
McDonald County,22639.0,4763.0,5515.0,2920.0,36.63,-94.35
McDonough County,31529.0,6491.0,5262.0,7767.0,40.47,-90.67
McDowell County,65728.0,16064.0,18720.0,9412.0,37.37,-81.65
McHenry County,338465.0,25730.0,61874.0,95376.0,42.33,-88.47
McKean County,42279.0,6630.0,14576.0,7433.0,41.88,-78.88
McKenzie County,8420.0,658.0,1633.0,2076.0,47.71,-103.45
McKinley County,68640.0,24974.0,14395.0,7800.0,35.9,-109.03
McLean County,193948.0,26009.0,33020.0,58010.0,40.48,-88.83
McLennan County,247350.0,47240.0,45174.0,47314.0,31.55,-97.18
McLeod County,36996.0,2953.0,9500.0,8226.0,44.83,-94.25
McPherson County,32612.0,2225.0,6482.0,8061.0,38.4,-97.67
Meade County,49623.0,6382.0,11689.0,9898.0,44.5,-102.63
Mecklenburg County,1056443.0,147228.0,140724.0,349218.0,35.27,-80.85
Mecosta County,42392.0,8806.0,9394.0,8176.0,43.65,-85.33
Medina County,216841.0,16914.0,49001.0,56561.0,41.1,-81.88
Meeker County,20593.0,1956.0,5268.0,4624.0,45.13,-94.52
Mellette County,3455.0,1678.0,661.0,314.0,43.56,-100.75
Mendocino County,87190.0,17352.0,16818.0,19553.0,39.42,-123.42
Menominee County,27333.0,4907.0,8420.0,5012.0,45.57,-87.57
Merced County,264011.0,62520.0,45610.0,32048.0,37.17,-120.75
Mercer County,652522.0,76967.0,146053.0,175458.0,40.38,-74.88
Meriwether County,19177.0,4660.0,5498.0,1910.0,33.05,-84.7
Merrick County,7462.0,790.0,1801.0,1411.0,41.15,-98.08
Merrimack County,151186.0,12541.0,30529.0,48735.0,43.3,-71.68
Mesa County,148263.0,23664.0,30046.0,34705.0,39.03,-108.47
Miami County,162762.0,19228.0,41474.0,33116.0,40.05,-84.23
Miami-Dade County,2664425.0,522143.0,573123.0,677872.0,25.62,-80.53
Middlesex County,2548387.0,207949.0,425625.0,965856.0,42.5,-71.33
Midland County,232440.0,21460.0,41589.0,55373.0,43.65,-84.4
Milam County,23653.0,3563.0,6103.0,3578.0,30.8,-96.95
Millard County,12604.0,1288.0,2416.0,2298.0,39.13,-113.13
Miller County,71810.0,14704.0,20335.0,9711.0,33.28,-93.88
Mills County,19435.0,1833.0,4529.0,4477.0,41.03,-95.62
Milwaukee County,955331.0,198227.0,183068.0,233299.0,43,-87.97
Mineral County,38467.0,6441.0,12568.0,5953.0,39.4,-78.95
Minnehaha County,188232.0,20753.0,36078.0,51552.0,43.67,-96.76
Mississippi County,58377.0,14859.0,14790.0,7049.0,35.77,-90.05
Missoula County,111123.0,17388.0,16283.0,36265.0,47.02,-113.8
Mobile County,414791.0,78663.0,93422.0,84071.0,30.78,-88.2
Moca Municipio,38488.0,21641.0,8997.0,6203.0,18.39,-67.08
Modoc County,8198.0,1442.0,1717.0,1832.0,41.57,-120.73
Mohave County,202881.0,37814.0,56063.0,29726.0,36.08,-113.77
Monmouth County,643829.0,47925.0,116091.0,224758.0,40.3,-74.17
Mono County,12975.0,1121.0,1409.0,3289.0,37.92,-118.87
Monongalia County,102778.0,21125.0,19423.0,27734.0,39.65,-80.03
Monroe County,1547029.0,231495.0,321946.0,422330.0,43.15,-77.68
Montague County,20630.0,3114.0,5458.0,3076.0,33.68,-97.72
Montcalm County,65463.0,10671.0,17878.0,10665.0,43.33,-85.12
Monterey County,416085.0,63853.0,61767.0,84549.0,36.25,-121.25
Montgomery County,3673197.0,418271.0,603515.0,1191972.0,39.15,-77.2
Montmorency County,10601.0,1736.0,3695.0,1690.0,45.03,-84.13
Montrose County,40549.0,7181.0,9284.0,9205.0,38.42,-108.27
Morehouse Parish,25959.0,7400.0,8067.0,3234.0,32.8,-91.8
Morgan County,353620.0,53638.0,91499.0,63579.0,34.45,-86.85
Morovis Municipio,32087.0,16601.0,6354.0,5780.0,18.32,-66.42
Morris County,506405.0,25332.0,81400.0,199806.0,40.83,-74.53
Morrison County,30960.0,3547.0,8211.0,6203.0,46.02,-94.3
Morrow County,37262.0,4309.0,10534.0,5419.0,45.5,-119.55
Morton County,33804.0,2917.0,7490.0,8538.0,46.77,-101.26
Mountrail County,10154.0,1342.0,1956.0,2398.0,48.22,-102.33
Mower County,39399.0,5420.0,8714.0,8555.0,43.67,-92.77
Multnomah County,770649.0,130604.0,106357.0,274622.0,45.5,-122.42
Murray County,58488.0,9578.0,15218.0,7893.0,34.48,-97.03
Muscatine County,44219.0,4862.0,10196.0,9671.0,41.47,-91.13
Muscogee County,189506.0,39459.0,35428.0,42320.0,32.5,-84.87
Muskegon County,173915.0,32505.0,41904.0,33658.0,43.3,-86.13
Muskingum County,91166.0,15216.0,26254.0,14971.0,39.95,-81.95
Muskogee County,74950.0,14653.0,18561.0,13577.0,35.58,-95.33
Nacogdoches County,66518.0,14770.0,11545.0,11967.0,31.6,-94.63
Naguabo Municipio,26460.0,13311.0,5358.0,4854.0,18.23,-65.76
Nance County,3579.0,423.0,921.0,706.0,41.4,-98
Napa County,141653.0,12271.0,20368.0,40886.0,38.48,-122.33
Naranjito Municipio,30094.0,14219.0,6024.0,5541.0,18.29,-66.26
Nash County,101111.0,18298.0,24195.0,19566.0,35.97,-77.97
Nassau County,1446175.0,90740.0,256092.0,502455.0,40.75,-73.58
Natchitoches Parish,40426.0,12121.0,8432.0,7129.0,31.77,-93.13
Natrona County,80877.0,8350.0,15869.0,17768.0,42.97,-106.78
Navajo County,98293.0,26654.0,20148.0,14828.0,36.94,-110.81
Navarro County,47642.0,9332.0,9952.0,7359.0,32.05,-96.47
Nelson County,67537.0,9096.0,18128.0,14162.0,37.8,-85.47
Neosho County,16512.0,3053.0,3463.0,3156.0,37.57,-95.28
Nevada County,104118.0,14563.0,17343.0,33383.0,39.35,-120.88
New Castle County,547008.0,60669.0,109675.0,157581.0,39.79,-75.63
New Hanover County,218510.0,37645.0,33726.0,70166.0,34.25,-77.87
New Haven County,861103.0,106796.0,186292.0,246118.0,41.4,-72.93
New London County,273618.0,25677.0,60375.0,77135.0,41.48,-72.07
New York County,1625513.0,276991.0,177846.0,793730.0,40.78,-73.97
Newberry County,39220.0,6886.0,10212.0,6853.0,34.3,-81.62
Newport County,82714.0,7292.0,14025.0,31444.0,41.58,-71.25
Nez Perce County,39185.0,5186.0,8724.0,8405.0,46.63,-116.63
Niagara County,213109.0,28394.0,53315.0,53602.0,43.17,-78.77
Noble County,72980.0,8899.0,20411.0,11427.0,41.4,-85.42
Nobles County,21691.0,2952.0,5041.0,3263.0,43.67,-95.77
Nolan County,15744.0,2586.0,3619.0,2372.0,32.3,-100.42
Nome Census Area,9879.0,2593.0,2329.0,971.0,64.83,-163.75
Norfolk County,704704.0,45813.0,106078.0,287451.0,42.17,-71.25
North Slope Borough,9623.0,1070.0,2401.0,1308.0,69.25,-152
Northampton County,324803.0,33573.0,81698.0,81180.0,40.88,-75.25
Northwest Arctic Borough,7695.0,1854.0,1833.0,604.0,66.83,-161
Noxubee County,11028.0,3510.0,2516.0,1547.0,33.13,-88.56
Nueces County,355306.0,58985.0,69205.0,64348.0,27.73,-97.63
Nye County,43190.0,7354.0,12374.0,6417.0,38,-116.5
Oakland County,1260402.0,118137.0,179359.0,463326.0,42.67,-83.4
Obion County,29681.0,6106.0,8880.0,4428.0,36.38,-89.15
Ocean County,584285.0,64668.0,145123.0,141198.0,39.9,-74.22
Oconee County,109368.0,16379.0,22668.0,29325.0,34.77,-83.08
Oconto County,34248.0,3154.0,11084.0,6757.0,45,-88.18
Ogle County,50312.0,5341.0,12106.0,10001.0,42.03,-89.32
Oglethorpe County,9647.0,2011.0,2831.0,1553.0,33.87,-83.08
Ohio County,76064.0,11976.0,21296.0,15807.0,40.1,-80.62
Okaloosa County,198150.0,23462.0,35920.0,53507.0,30.69,-86.56
Okanogan County,40371.0,8660.0,8772.0,7607.0,48.55,-119.73
Okeechobee County,42994.0,9868.0,12135.0,5087.0,27.42,-80.92
Okfuskee County,12258.0,2979.0,3209.0,1662.0,35.47,-96.37
Oklahoma County,801661.0,135257.0,138913.0,194260.0,35.55,-97.4
Okmulgee County,36333.0,7332.0,8971.0,6521.0,35.65,-95.97
Oktibbeha County,48486.0,13844.0,5144.0,12264.0,33.44,-88.83
Olmsted County,146031.0,13419.0,20928.0,53287.0,44,-92.45
Oneida County,272805.0,41025.0,66287.0,67830.0,43.2,-75.47
Onondaga County,463634.0,67801.0,84086.0,144269.0,43,-76.17
Onslow County,183962.0,23839.0,29811.0,29227.0,34.75,-77.43
Ontario County,108491.0,10833.0,21926.0,34003.0,42.87,-77.32
Ontonagon County,6161.0,927.0,2161.0,1381.0,46.67,-89.33
Orange County,5105981.0,689638.0,773976.0,1517643.0,33.7,-117.77
Orleans County,68399.0,9816.0,19538.0,13388.0,43.25,-78.23
Orleans Parish,382922.0,97252.0,63846.0,108014.0,30.03,-89.95
Osborne County,3992.0,640.0,1001.0,841.0,39.35,-98.78
Osceola County,335322.0,64203.0,80412.0,61525.0,28.04,-81.12
Oswego County,123228.0,21510.0,32573.0,24546.0,43.45,-76.15
Otero County,90717.0,22044.0,17641.0,16305.0,32.53,-105.77
Otoe County,15218.0,1654.0,4017.0,3298.0,40.63,-96.13
Otsego County,83450.0,12208.0,19502.0,20566.0,45.03,-84.57
Ottawa County,358537.0,39463.0,72091.0,86164.0,42.95,-86
Otter Tail County,53759.0,5220.0,12060.0,14401.0,46.4,-95.7
Ouachita County,25760.0,6083.0,7850.0,4232.0,33.58,-92.9
Ouachita Parish,157020.0,35616.0,34666.0,28560.0,32.48,-92.15
Outagamie County,200026.0,16885.0,45513.0,54200.0,44.42,-88.47
Owyhee County,10060.0,2346.0,2551.0,1048.0,42.56,-116.06
Oxford County,57554.0,9627.0,19192.0,11542.0,44.52,-70.7
Ozaukee County,89208.0,4779.0,14051.0,33906.0,43.38,-87.95
Palm Beach County,1404769.0,191537.0,272517.0,438824.0,26.65,-80.45
Palo Pinto County,28125.0,4864.0,7040.0,3901.0,32.75,-98.3
Pamlico County,10812.0,1544.0,2622.0,2481.0,35.13,-76.75
Panola County,58010.0,11645.0,13850.0,8836.0,32.17,-94.3
Park County,60634.0,5410.0,12149.0,18472.0,44.42,-109.67
Parker County,110543.0,10435.0,20961.0,26404.0,32.77,-97.8
Pasco County,469426.0,64224.0,119159.0,110409.0,28.29,-82.42
Pasquotank County,39940.0,6533.0,8979.0,7451.0,36.3,-76.28
Passaic County,506237.0,83744.0,119973.0,107534.0,41.07,-74.37
Patillas Municipio,18135.0,10279.0,4227.0,2975.0,18.04,-66.02
Patrick County,17856.0,3730.0,4908.0,3147.0,36.67,-80.28
Pawnee County,25522.0,3353.0,7160.0,4845.0,40.13,-96.23
Payne County,82670.0,19359.0,12263.0,18688.0,36.07,-96.97
Peach County,35985.0,6509.0,7472.0,6015.0,32.57,-83.83
Pearl River County,56516.0,11074.0,11900.0,9800.0,30.64,-89.64
Pecos County,15870.0,1334.0,4067.0,1559.0,30.75,-102.75
Pembina County,7223.0,424.0,1909.0,1638.0,48.77,-97.52
Pennington County,123599.0,15485.0,24475.0,32523.0,43.98,-102.77
Penobscot County,155345.0,24057.0,39162.0,38406.0,45.25,-68.67
Peoria County,187357.0,30071.0,35296.0,49368.0,40.77,-89.77
Perkins County,5990.0,609.0,1551.0,1316.0,45.52,-102.46
Perry County,215100.0,36045.0,64820.0,33285.0,37.25,-83.2
Petersburg Census Area,3882.0,414.0,901.0,803.0,56.77,-133.19
Pettis County,41590.0,6972.0,9227.0,7614.0,38.73,-93.3
Phelps County,55615.0,9661.0,12221.0,12120.0,37.9,-91.83
Philadelphia County,1560023.0,392356.0,368462.0,329835.0,40.13,-75
Phillips County,34527.0,8567.0,7914.0,5587.0,48.2,-107.93
Pickaway County,55808.0,6286.0,16562.0,9451.0,39.65,-83.03
Pickens County,182716.0,30297.0,38478.0,39169.0,34.92,-82.72
Pierce County,901697.0,113112.0,178013.0,214163.0,47.03,-122.12
Pike County,300597.0,58075.0,78619.0,49220.0,31.82,-85.95
Pima County,996130.0,185619.0,156756.0,259443.0,32,-112
Pinal County,389850.0,60848.0,81262.0,73632.0,33,-111.52
Pine County,28009.0,3665.0,8516.0,4638.0,46.08,-92.25
Pinellas County,939548.0,130727.0,214404.0,280674.0,27.9,-82.71
Piscataquis County,16706.0,3391.0,5262.0,3437.0,45.8,-69.3
Pitkin County,14819.0,1202.0,1362.0,7753.0,39.2,-106.93
Pitt County,177535.0,41436.0,27493.0,42841.0,35.58,-77.38
Pittsburg County,41875.0,6933.0,10661.0,7325.0,34.95,-95.77
Placer County,374124.0,32095.0,51296.0,125700.0,39.07,-120.77
Plaquemines Parish,23584.0,3990.0,6049.0,3203.0,29.45,-89.7
Platte County,136453.0,10945.0,23439.0,40224.0,41.55,-97.48
Plumas County,17001.0,2246.0,3170.0,4353.0,39.98,-120.87
Plymouth County,527630.0,41500.0,109440.0,159716.0,41.83,-70.83
Pocahontas County,14836.0,2361.0,4968.0,2706.0,38.32,-80.03
Polk County,1459226.0,222818.0,326765.0,333278.0,27.96,-81.71
Ponce Municipio,152730.0,77306.0,32787.0,35033.0,18.07,-66.62
Pontotoc County,66748.0,11838.0,14963.0,12079.0,34.69,-96.69
Pope County,77330.0,13557.0,17571.0,13900.0,35.45,-93.05
Portage County,237926.0,33176.0,55310.0,54523.0,41.17,-81.2
Porter County,159932.0,17360.0,38113.0,38435.0,41.47,-87.06
Pottawatomie County,91482.0,14071.0,20798.0,16444.0,35.22,-96.95
Pottawattamie County,92800.0,10657.0,22102.0,19460.0,41.33,-95.53
Potter County,142012.0,27226.0,31205.0,20367.0,35.42,-101.9
Powell County,19426.0,3711.0,5688.0,3059.0,37.83,-83.82
Power County,6741.0,822.0,1521.0,761.0,42.69,-112.82
Pratt County,9254.0,1219.0,1728.0,2137.0,37.65,-98.73
Presidio County,7124.0,1749.0,1127.0,1176.0,29.92,-104.25
Price County,13454.0,1728.0,4324.0,2763.0,45.68,-90.35
Prince Edward County,25526.0,3990.0,5026.0,4287.0,44.03,-77.25
Prince George's County,889827.0,83525.0,162755.0,221602.0,38.83,-76.85
Prince William County,455265.0,31814.0,66255.0,133623.0,38.7,-77.48
Providence County,631545.0,104178.0,134847.0,149800.0,41.83,-71.6
Prowers County,12257.0,2434.0,2284.0,2161.0,37.97,-102.4
Pueblo County,162581.0,31902.0,32726.0,35975.0,38.18,-104.48
Pulaski County,570264.0,100641.0,119482.0,132276.0,34.77,-92.3
Putnam County,424631.0,61790.0,109269.0,93451.0,36.17,-85.65
Quay County,8525.0,1639.0,2360.0,1320.0,35.04,-103.54
Quebradillas Municipio,26490.0,14935.0,5981.0,4906.0,18.44,-66.92
Queens County,2311382.0,333779.0,499205.0,627536.0,40.7,-73.8
Rabun County,16074.0,3480.0,4087.0,3754.0,34.88,-83.4
Racine County,205495.0,24717.0,45811.0,46874.0,42.75,-88.08
Raleigh County,80597.0,14032.0,23554.0,14177.0,37.75,-81.25
Ramsey County,543430.0,83097.0,89295.0,175173.0,45.03,-93.08
Randall County,127723.0,13805.0,18632.0,32840.0,34.97,-101.9
Randolph County,314184.0,51716.0,84815.0,50983.0,35.7,-79.82
Rankin County,146880.0,13893.0,28166.0,38843.0,32.26,-90.04
Rapides Parish,134497.0,26020.0,34283.0,21526.0,31.17,-92.48
Rappahannock County,5520.0,512.0,1195.0,1679.0,38.67,-78.15
Ravalli County,42218.0,7282.0,10143.0,10792.0,46.13,-114.13
Redwood County,15871.0,1769.0,4344.0,3114.0,44.42,-95.23
Refugio County,7368.0,1143.0,1974.0,1028.0,28.33,-97.17
Reno County,63113.0,8734.0,13150.0,12698.0,37.95,-98.08
Rensselaer County,160735.0,19055.0,32450.0,48616.0,42.72,-73.48
Rice County,77761.0,8178.0,15728.0,18919.0,44.35,-93.33
Richland County,579143.0,88248.0,107088.0,146218.0,34.02,-80.92
Richmond County,722753.0,121487.0,160889.0,170909.0,33.37,-82.1
Riley County,85018.0,15128.0,7584.0,21887.0,39.33,-96.7
Rio Arriba County,26453.0,5465.0,6292.0,4553.0,36.53,-106.7
Rio Blanco County,6624.0,788.0,1434.0,1352.0,39.95,-108.2
Riverside County,2326883.0,378214.0,416673.0,426444.0,33.73,-116.05
Roanoke County,85473.0,7047.0,16127.0,27603.0,37.28,-80.05
Roberts County,10098.0,1924.0,2296.0,1928.0,45.52,-96.98
Robertson County,84308.0,9518.0,22579.0,13887.0,36.52,-86.87
Robeson County,135095.0,41297.0,30249.0,18222.0,34.63,-79.1
Rock County,170859.0,24155.0,43032.0,35952.0,42.67,-89.07
Rock Island County,148029.0,21413.0,32604.0,32249.0,41.45,-90.52
Rockdale County,86323.0,15061.0,18682.0,19388.0,33.65,-84.02
Rockingham County,459464.0,39872.0,100079.0,134489.0,42.97,-71.1
Rockland County,322642.0,46128.0,48947.0,98387.0,41.17,-74.05
Rockwall County,89208.0,5422.0,13471.0,25787.0,32.9,-96.4
Rogers County,75943.0,8092.0,18132.0,14944.0,36.37,-95.58
Roosevelt County,21476.0,4879.0,3524.0,3698.0,33.97,-103.45
Roscommon County,26316.0,5033.0,8299.0,4780.0,44.33,-84.6
Roseau County,15814.0,1304.0,3918.0,3160.0,48.78,-95.8
Rosebud County,10145.0,2100.0,2033.0,1947.0,46.33,-106.58
Ross County,78384.0,13255.0,24833.0,12930.0,39.35,-83.07
Rowan County,146697.0,26848.0,33163.0,28813.0,35.65,-80.52
Rush County,19678.0,3237.0,6166.0,2990.0,39.61,-85.45
Rusk County,57967.0,8588.0,14548.0,8579.0,32.12,-94.78
Russell County,110735.0,21950.0,25831.0,19052.0,32.35,-85.2
Rutherford County,356516.0,49134.0,71883.0,80082.0,35.85,-86.4
Rutland County,61263.0,7215.0,15577.0,16665.0,43.62,-73.02
Sabana Grande Municipio,24013.0,11762.0,6277.0,4582.0,18.09,-66.95
Sac County,10063.0,1015.0,2741.0,2270.0,42.38,-95.12
Sacramento County,1481396.0,261028.0,247187.0,381507.0,38.47,-121.32
Saginaw County,194793.0,33695.0,46065.0,39919.0,43.33,-84.03
Saguache County,6580.0,1488.0,1278.0,1338.0,38.08,-106.25
Salinas Municipio,30500.0,16457.0,7426.0,5337.0,18.02,-66.25
Saline County,234993.0,29597.0,55454.0,46535.0,34.65,-92.68
Salt Lake County,1094600.0,122616.0,160325.0,283012.0,40.63,-111.88
Sampson County,85702.0,20541.0,19965.0,12813.0,34.97,-78.4
San Augustine County,7877.0,1919.0,2572.0,919.0,31.4,-94.17
San Benito County,56644.0,5972.0,9803.0,9677.0,36.62,-121.08
San Bernardino County,2102369.0,391059.0,368502.0,356634.0,34.67,-116.17
San Diego County,3248213.0,444068.0,447280.0,975956.0,33.03,-116.8
San Francisco County,850256.0,104154.0,103425.0,402901.0,37.77,-122.45
San Joaquin County,713366.0,124622.0,133875.0,121564.0,37.93,-121.3
San Juan County,161053.0,32297.0,32744.0,30763.0,37.75,-109.5
San Luis Obispo County,277501.0,37192.0,37729.0,81078.0,35.37,-120.53
San Mateo County,773285.0,58387.0,97229.0,303030.0,37.45,-122.35
San Miguel County,35791.0,8906.0,6740.0,8633.0,35.48,-104.88
San Patricio County,71339.0,10430.0,14921.0,9363.0,28.02,-97.52
Sandoval County,139782.0,20489.0,24334.0,36355.0,35.65,-106.85
Sandusky County,65461.0,8042.0,19226.0,11337.0,41.35,-83.13
Sangamon County,198798.0,29785.0,38790.0,57384.0,39.77,-89.65
Sanilac County,41594.0,6451.0,12868.0,6577.0,43.43,-82.85
Sanpete County,28647.0,4265.0,4498.0,5022.0,39.25,-111.5
Santa Barbara County,439544.0,66918.0,55153.0,108326.0,34.73,-120.03
Santa Clara County,1861559.0,170993.0,217685.0,706840.0,37.23,-121.77
Santa Cruz County,337566.0,52296.0,41502.0,96934.0,37.07,-122.05
Santa Fe County,164111.0,26635.0,27472.0,54346.0,35.52,-105.95
Santa Isabel Municipio,22732.0,11449.0,5323.0,4584.0,18,-66.39
Santa Rosa County,166571.0,19874.0,31651.0,45599.0,30.71,-87.04
Sarasota County,398096.0,43412.0,96961.0,131135.0,27.17,-82.33
Saratoga County,220020.0,13803.0,39211.0,79992.0,43.1,-73.85
Sargent County,3839.0,254.0,850.0,966.0,46.1,-97.63
Sarpy County,173118.0,11062.0,24467.0,52196.0,41.1,-96.13
Sauk County,72276.0,7525.0,18938.0,16595.0,43.45,-89.95
Schenectady County,172329.0,18666.0,36210.0,52395.0,42.83,-74.08
Schoharie County,31409.0,4229.0,8724.0,6952.0,42.57,-74.47
Schoolcraft County,8551.0,1797.0,3075.0,1512.0,46.22,-86.2
Schuyler County,28120.0,4525.0,8142.0,5917.0,42.42,-76.88
Schuylkill County,145733.0,18052.0,51865.0,26191.0,40.88,-76.25
Scioto County,79199.0,18005.0,23005.0,12454.0,38.8,-82.98
Scotland County,39617.0,11003.0,9442.0,6198.0,34.83,-79.5
Scott County,526815.0,66383.0,114363.0,129113.0,41.63,-90.63
Scotts Bluff County,36842.0,4851.0,7576.0,7937.0,41.87,-103.7
Scurry County,17539.0,1262.0,3923.0,2354.0,32.73,-100.93
Sebastian County,127626.0,27877.0,28090.0,22506.0,35.17,-94.27
Sedgwick County,511854.0,75872.0,90704.0,122287.0,37.72,-97.45
Seminole County,437596.0,55387.0,75614.0,142534.0,28.71,-81.21
Seneca County,93396.0,13166.0,27223.0,17351.0,41.12,-83.12
Sevier County,136448.0,21249.0,34211.0,22437.0,33.98,-94.25
Seward County,39782.0,5694.0,6820.0,7136.0,37.2,-100.83
Shasta County,171241.0,29271.0,31565.0,38321.0,40.77,-122.03
Shawnee County,178811.0,25176.0,38275.0,43278.0,39.05,-95.77
Sheboygan County,115225.0,9948.0,30102.0,26980.0,43.73,-87.93
Shelby County,1337173.0,241546.0,254242.0,319035.0,35.2,-89.87
Sherburne County,103984.0,8137.0,18253.0,26102.0,45.45,-93.77
Sheridan County,42741.0,4025.0,8233.0,11694.0,44.83,-106.92
Sherman County,13063.0,1933.0,3173.0,2658.0,39.35,-101.72
Shiawassee County,72867.0,9868.0,18490.0,14038.0,42.95,-84.15
Sibley County,13484.0,1392.0,3793.0,2472.0,44.57,-94.2
Silver Bow County,34433.0,6550.0,8000.0,8096.0,45.9,-112.67
Sioux County,39288.0,4111.0,7252.0,8911.0,42.73,-96.23
Siskiyou County,44622.0,9653.0,8532.0,10449.0,41.58,-122.52
Sitka City and Borough,8921.0,796.0,1649.0,2589.0,57.17,-135.33
Skagit County,122648.0,18264.0,23412.0,29689.0,48.47,-121.78
Slope County,306.0,42.0,64.0,80.0,46.39,-103.39
Smith County,259793.0,44845.0,49972.0,54635.0,32.37,-95.23
Smyth County,31561.0,5661.0,9085.0,5149.0,36.85,-81.52
Snohomish County,754856.0,69427.0,129113.0,210745.0,48.05,-121.72
Snyder County,36064.0,3720.0,11173.0,6101.0,40.77,-77.08
Socorro County,17582.0,3812.0,3667.0,2700.0,34.03,-106.88
Solano County,428348.0,53255.0,72172.0,100860.0,38.23,-121.95
Somerset County,452295.0,37007.0,95657.0,150802.0,40.57,-74.55
Sonoma County,497886.0,54988.0,74491.0,149188.0,38.55,-122.9
Southeast Fairbanks Census Area,7181.0,1037.0,1593.0,1341.0,63.75,-143.25
Spalding County,61203.0,14120.0,16130.0,9036.0,33.27,-84.28
Spartanburg County,288050.0,47665.0,60579.0,62919.0,34.93,-81.98
Spencer County,37976.0,3501.0,10950.0,7018.0,38.01,-87.04
Spink County,6630.0,669.0,1765.0,1426.0,44.94,-98.32
Spokane County,483346.0,73008.0,84094.0,132058.0,47.62,-117.37
St. Lawrence County,113045.0,19533.0,26634.0,24958.0,44.5,-75.12
Stanislaus County,532318.0,96020.0,104155.0,80726.0,37.55,-121
Stanly County,62605.0,10103.0,15193.0,11931.0,35.33,-80.25
Stark County,411530.0,55174.0,110653.0,86188.0,40.82,-81.37
Starr County,63387.0,23673.0,10074.0,4390.0,26.57,-98.77
Stearns County,158820.0,20446.0,30834.0,38357.0,45.55,-94.55
Steele County,38982.0,3569.0,9388.0,9177.0,44.03,-93.13
Stephens County,83293.0,14570.0,22504.0,13094.0,34.47,-97.85
Stephenson County,47382.0,7294.0,11915.0,9481.0,42.35,-89.67
Steuben County,132069.0,17958.0,34715.0,30717.0,42.27,-77.33
Stevens County,62430.0,10387.0,13835.0,13717.0,48.43,-117.83
Stoddard County,30342.0,4879.0,8617.0,4328.0,36.77,-89.88
Storey County,925.0,132.0,224.0,335.0,39.38,-119.5
Story County,97338.0,19219.0,9558.0,29849.0,42.03,-93.47
Strafford County,126119.0,11916.0,23205.0,36080.0,43.32,-71.05
Stutsman County,21157.0,2090.0,5094.0,4988.0,46.96,-98.93
Sublette County,9906.0,772.0,2588.0,2280.0,42.7,-109.87
Suffolk County,2254799.0,251798.0,443653.0,690235.0,40.87,-72.8
Sullivan County,313334.0,47694.0,83422.0,68673.0,36.52,-82.53
Summit County,615457.0,82741.0,132001.0,178089.0,41.12,-81.53
Sumner County,181024.0,18876.0,41117.0,39053.0,36.5,-86.45
Sumter County,270064.0,46298.0,64493.0,65458.0,33.87,-80.4
Surry County,82952.0,14330.0,18849.0,15376.0,36.4,-80.68
Sussex County,379610.0,37907.0,95058.0,97478.0,41.18,-74.67
Sutter County,94573.0,16360.0,17386.0,17752.0,39.02,-121.7
Sutton County,3959.0,358.0,811.0,575.0,30.5,-100.55
Swain County,8678.0,1689.0,2268.0,1513.0,35.47,-83.48
Sweetwater County,44812.0,4868.0,9851.0,8992.0,41.67,-108.92
Swift County,9742.0,1188.0,2437.0,2145.0,45.27,-95.67
Talbot County,41515.0,5039.0,9018.0,12442.0,38.77,-76.08
Talladega County,77734.0,16331.0,20461.0,10842.0,33.37,-86.18
Tangipahoa Parish,133414.0,29014.0,32355.0,21182.0,30.67,-90.4
Tarrant County,1893712.0,272078.0,304840.0,451749.0,32.77,-97.3
Taylor County,241692.0,39603.0,58523.0,41521.0,32.3,-99.83
Tazewell County,183239.0,18719.0,43608.0,42004.0,40.53,-89.55
Tehama County,70476.0,14912.0,15575.0,10397.0,40.13,-122.3
Teller County,23758.0,1780.0,4724.0,7872.0,38.87,-105.17
Terrebonne Parish,119895.0,23806.0,32883.0,14372.0,29.38,-90.85
Teton County,38635.0,3351.0,5549.0,14579.0,43.92,-111.38
Texas County,46768.0,9155.0,11721.0,6351.0,36.77,-101.52
Thomas County,58409.0,10750.0,13370.0,11336.0,30.95,-83.87
Thurston County,269581.0,33213.0,43370.0,81147.0,46.92,-122.82
Tift County,43313.0,11170.0,10317.0,7417.0,31.45,-83.5
Tillman County,8048.0,1671.0,2078.0,1168.0,34.37,-98.92
Tioga County,92066.0,11296.0,26399.0,20633.0,42.17,-76.27
Tippah County,25020.0,5660.0,6155.0,3377.0,34.78,-88.93
Tippecanoe County,183199.0,36481.0,27467.0,43322.0,40.42,-86.89
Titus County,32480.0,6715.0,6236.0,4315.0,33.23,-94.98
Toa Alta Municipio,72712.0,22188.0,12713.0,20010.0,18.37,-66.25
Toa Baja Municipio,86544.0,31407.0,17960.0,20391.0,18.44,-66.26
Todd County,43503.0,8983.0,9899.0,7076.0,46.07,-94.88
Tolland County,151411.0,9054.0,26285.0,46058.0,41.85,-72.35
Tom Green County,115361.0,15122.0,23121.0,21998.0,31.4,-100.47
Tompkins County,105856.0,18353.0,12499.0,37061.0,42.45,-76.47
Tooele County,62172.0,4494.0,11486.0,10669.0,40.38,-113.13
Toole County,5100.0,725.0,1328.0,794.0,48.65,-111.63
Toombs County,28973.0,7661.0,7535.0,4225.0,32.13,-82.33
Torrance County,13531.0,4066.0,3291.0,2420.0,34.63,-105.82
Towns County,11859.0,1619.0,3006.0,2783.0,34.9,-83.72
Traill County,8077.0,612.0,1414.0,2237.0,47.44,-97.17
Travis County,1131610.0,170657.0,141810.0,391471.0,30.33,-97.8
Trempealeau County,30535.0,2855.0,8451.0,6281.0,44.32,-91.35
Trinity County,27615.0,4827.0,7723.0,4921.0,31.1,-95.22
Troup County,70528.0,14580.0,16406.0,11610.0,33.03,-85.03
Trujillo Alto Municipio,61084.0,18363.0,10820.0,19128.0,18.34,-66.01
Trumbull County,197773.0,34054.0,64980.0,35526.0,41.32,-80.77
Tulare County,451840.0,126011.0,78850.0,55307.0,36.27,-118.8
Tulsa County,664560.0,102102.0,118476.0,169015.0,36.1,-95.9
Tunica County,10616.0,2934.0,2020.0,1741.0,34.67,-90.36
Tuolumne County,55139.0,7310.0,12196.0,12134.0,38.07,-119.9
Tuscaloosa County,206317.0,34359.0,39256.0,46011.0,33.3,-87.5
Tuscarawas County,91669.0,12263.0,29800.0,14254.0,40.45,-81.47
Tuscola County,57236.0,8548.0,17329.0,9353.0,43.47,-83.45
Twin Falls County,81187.0,12460.0,15642.0,15516.0,42.35,-114.64
Uinta County,21009.0,3462.0,4833.0,3528.0,41.26,-110.57
Ulster County,188991.0,23098.0,42144.0,55029.0,41.88,-74.25
Umatilla County,76645.0,12918.0,15190.0,12940.0,45.5,-118.5
Union County,1122956.0,130045.0,244614.0,270152.0,40.63,-74.27
Upshur County,61735.0,8967.0,16935.0,9743.0,38.88,-80.25
Utah County,561688.0,69006.0,47100.0,133583.0,40.12,-111.63
Utuado Municipio,28925.0,14982.0,6324.0,5299.0,18.27,-66.7
Uvalde County,27244.0,5502.0,4418.0,4221.0,29.37,-99.77
Val Verde County,48851.0,9811.0,8962.0,6844.0,29.83,-101.08
Valdez-Cordova Census Area,9318.0,706.0,1661.0,2429.0,61.5,-144.5
Valley County,21687.0,2583.0,5167.0,5293.0,45.13,-116.13
Van Buren County,106263.0,18049.0,27211.0,20119.0,42.25,-86.03
Van Zandt County,50123.0,7953.0,12728.0,7470.0,32.57,-95.85
Vance County,46227.0,11639.0,11616.0,6407.0,36.37,-78.4
Vanderburgh County,185166.0,29935.0,42951.0,41750.0,38.08,-87.55
Vega Alta Municipio,36700.0,17217.0,6258.0,7109.0,18.41,-66.33
Vega Baja Municipio,57494.0,26452.0,6661.0,12391.0,18.43,-66.4
Ventura County,848316.0,88843.0,116002.0,231567.0,34.47,-119.02
Vermilion County,79921.0,15184.0,22569.0,13309.0,40.17,-87.75
Vermilion Parish,58254.0,9964.0,16229.0,6847.0,29.82,-92.3
Vermillion County,15474.0,2009.0,4969.0,2580.0,39.88,-87.41
Vernon Parish,50331.0,7557.0,11639.0,7351.0,31.12,-93.18
Victoria County,91680.0,13217.0,19775.0,16331.0,28.78,-96.95
Vieques Municipio,8801.0,3148.0,2344.0,1628.0,18.13,-65.44
Vigo County,105534.0,19938.0,22652.0,21256.0,39.47,-87.41
Villalba Municipio,24489.0,12406.0,5923.0,4041.0,18.13,-66.48
Volusia County,513846.0,84226.0,129543.0,122465.0,29.08,-81.21
Wabasha County,23477.0,1581.0,6165.0,5376.0,44.28,-92.22
Wabaunsee County,6501.0,450.0,1755.0,1416.0,39.13,-96
Wade Hampton Census Area,7993.0,2862.0,2005.0,260.0,62.25,-163
Wake County,1052627.0,111304.0,121529.0,399139.0,35.78,-78.63
Wakulla County,31697.0,3990.0,8599.0,5942.0,30.17,-84.33
Waldo County,39115.0,6099.0,9896.0,10876.0,44.47,-69.1
Walker County,217385.0,40307.0,55462.0,32235.0,30.73,-95.57
Walla Walla County,59882.0,8985.0,9335.0,15907.0,46.28,-118.48
Waller County,40804.0,7020.0,7333.0,4841.0,30,-96
Wallowa County,6836.0,980.0,1752.0,1850.0,45.5,-117.17
Walsh County,11145.0,1127.0,2934.0,2318.0,48.37,-97.69
Walton County,173622.0,23367.0,36618.0,37636.0,30.63,-86.17
Walworth County,109954.0,14085.0,22587.0,25490.0,42.67,-88.53
Wapello County,35043.0,5932.0,9390.0,6693.0,41.03,-92.42
Ward County,80411.0,6700.0,15610.0,17005.0,31.52,-103.07
Warren County,805400.0,95259.0,181429.0,201752.0,39.43,-84.17
Wasatch County,26746.0,2252.0,3051.0,7261.0,40.38,-111.13
Wasco County,24893.0,3567.0,5362.0,5129.0,45.17,-121.25
Washakie County,8438.0,1198.0,1870.0,1768.0,43.92,-107.58
Washburn County,17432.0,2107.0,5061.0,4568.0,45.9,-91.78
Washington County,2580435.0,317203.0,514809.0,704193.0,45.51,-123
Washita County,10867.0,1616.0,3102.0,1890.0,35.3,-99
Washoe County,442391.0,65167.0,76003.0,110998.0,40.75,-119.63
Washtenaw County,357933.0,52089.0,35869.0,132967.0,42.25,-83.85
Watauga County,55663.0,14788.0,6868.0,14582.0,36.23,-81.7
Waukesha County,399890.0,20634.0,68519.0,142587.0,43.03,-88.3
Waupaca County,59188.0,6119.0,18474.0,11941.0,44.47,-88.98
Waushara County,21395.0,2428.0,6881.0,3478.0,44.12,-89.25
Wayne County,2398387.0,536127.0,537560.0,467613.0,42.25,-83.28
Weakley County,32188.0,5509.0,8367.0,5170.0,36.3,-88.83
Webb County,265889.0,84134.0,42028.0,34219.0,27.67,-99.33
Weber County,248588.0,29687.0,45411.0,49524.0,41.25,-111.75
Webster County,121177.0,21437.0,31410.0,21457.0,38.52,-80.42
Webster Parish,41487.0,9870.0,12146.0,5699.0,32.72,-93.35
Weld County,275567.0,33590.0,48844.0,64025.0,40.63,-104.53
Wells County,32106.0,3752.0,8734.0,6235.0,47.6,-99.65
Westchester County,968209.0,92545.0,139454.0,352785.0,41.12,-73.8
Westmoreland County,399467.0,41280.0,115009.0,107295.0,40.63,-79.63
Weston County,7290.0,1012.0,1778.0,1489.0,43.85,-104.57
Wexford County,35180.0,6340.0,9528.0,6258.0,44.33,-85.57
Whatcom County,207376.0,32180.0,33691.0,57758.0,48.92,-121.78
Wheatland County,1893.0,296.0,489.0,326.0,46.45,-109.83
White County,180398.0,28928.0,48993.0,30248.0,35.25,-91.73
Whiteside County,58042.0,6389.0,15044.0,10962.0,41.75,-89.92
Whitfield County,105692.0,20844.0,21456.0,12709.0,34.83,-84.97
Whitley County,87134.0,16660.0,22828.0,13968.0,41.16,-85.49
Whitman County,47678.0,12259.0,3947.0,13559.0,46.92,-117.48
Wichita County,140389.0,22231.0,29779.0,26815.0,33.97,-98.72
Wicomico County,100597.0,15870.0,21635.0,21298.0,38.37,-75.6
Wilbarger County,12923.0,2086.0,2838.0,1996.0,34.07,-99.27
Wilkes County,73480.0,16144.0,18676.0,11541.0,36.22,-81
Wilkin County,6641.0,604.0,1445.0,1901.0,46.25,-96.47
Will County,684922.0,52124.0,122596.0,181209.0,41.43,-87.97
Williams County,71015.0,8403.0,18299.0,13839.0,41.55,-84.58
Williamson County,799122.0,55829.0,108324.0,266504.0,30.65,-97.6
Wilson County,249612.0,34263.0,56301.0,53571.0,36.15,-86.28
Windham County,159761.0,18465.0,37095.0,40113.0,41.83,-72
Windsor County,56417.0,5612.0,13432.0,18295.0,43.55,-72.57
Winkler County,7699.0,1319.0,1519.0,736.0,31.85,-103.03
Winnebago County,471566.0,64559.0,107011.0,106841.0,42.35,-89.18
Winona County,50112.0,6430.0,9006.0,12428.0,43.97,-91.77
Wise County,100303.0,14915.0,23854.0,15494.0,33.2,-97.67
Wood County,345090.0,45774.0,83254.0,78770.0,41.37,-83.62
Woodbury County,104564.0,14226.0,23372.0,20288.0,42.38,-96.03
Woodford County,61470.0,5933.0,12530.0,16934.0,40.77,-89.23
Woodson County,3193.0,718.0,918.0,568.0,37.88,-95.73
Woodward County,22209.0,2778.0,5781.0,3676.0,36.52,-99.22
Worcester County,864935.0,95169.0,178986.0,255988.0,42.33,-71.83
Wright County,157242.0,13404.0,33229.0,37873.0,45.18,-93.95
Wyandotte County,165428.0,36523.0,36565.0,25127.0,39.12,-94.72
Yabucoa Municipio,35734.0,17641.0,7340.0,6803.0,18.07,-65.89
Yakima County,249145.0,50849.0,47177.0,34754.0,46.47,-120.67
Yakutat City and Borough,618.0,51.0,156.0,113.0,59.67,-139.13
Yamhill County,102390.0,15440.0,19926.0,21846.0,45.22,-123.3
Yancey County,17770.0,3703.0,4834.0,3817.0,35.9,-82.3
Yankton County,22891.0,3126.0,5325.0,5998.0,43.05,-97.38
Yauco Municipio,38502.0,19116.0,9046.0,7831.0,18.08,-66.86
Yavapai County,221648.0,32160.0,43939.0,59525.0,34.51,-112.38
Yellowstone County,156094.0,15778.0,33591.0,39431.0,45.92,-108.3
Yolo County,211422.0,39024.0,26716.0,57509.0,38.7,-121.88
York County,953841.0,97414.0,229470.0,240444.0,40.13,-77
Yuba County,73015.0,14780.0,11641.0,11779.0,39.28,-121.4
Yukon-Koyukuk Census Area,5543.0,1289.0,1421.0,593.0,65.7,-152.72
Yuma County,213411.0,41737.0,37975.0,28987.0,32.75,-113.77
